4 Non Blondes,What's Up,oLShwvZopls,2020-01-01
A Perfect Circle,3 Libras,OjJmlTDjt_o,2020-01-01
AC?DC,Highway to Hell,q2UpIZ8h0Zo,2020-01-01
Adam Lambert,Whataya Want From Me,HjTdUhHLpQQ,2020-01-01
"Addams Family, The",Theme Song,GHkHXU73pvs,2020-01-01
Aerosmith,Back In The Saddle,Xqjpgmv579M,2020-01-01
Aerosmith,Dude (Looks Like A Lady),BCso4jpfFwM,2020-01-01
Alanis Morisette,You Oughta Know,BBdPnDnmPzc,2020-01-01
Alannah Myles,Black Velvet,mY10QWZ37CM,2020-01-01
Alex Clare,Too Close,eL3tytOM9Iw,2020-01-01
Alice in Chains,Dirt,VKHVaQdvWFk,2020-01-01
Alice in Chains,Nutshell,ZJ-DEPyJo7I,2020-01-01
Alice in Chains,Sunshine,t7gQtDVYM6g,2020-01-01
Amy Winehouse,Back to Black,bxSW_66ptUg,2020-01-01
Amy Winehouse,He Can Only Hold Her,h_ndpFwIOVg,2020-01-01
Amy Winehouse,Me and Mr. Jones,Co7sxfr42Ng,2020-01-01
Amy Winehouse,Rehab,TgOPJKg3u2s,2020-01-01
Amy Winehouse,Valerie ('68 Version),rKn345EvCiU,2020-01-01
Andrew Gold,Spooky Scary Skeletons,wkHL5AsSzF4,2020-01-01
Arctic Monkeys,Do I Wanna Know,edorf0kTnJw,2020-01-01
Ashnikko,Daisy,qY3bMfwFTec,2020-01-01
Ashnikko,Deal With It ft. Kelis,vVKyP5ZvJ8,2020-01-01
Ashnikko,L8r Boi,HwZ4RewfElA,2020-01-01
Ashnikko,Toxic,NPj49Gx7YE8,2020-01-01
"Ataris, The","Boys of Summer, The",kX0C0dxIyiM,2020-01-01
Audioslave,Like A Stone,Cu-EsbslMts,2020-01-01
Aurora,Running With The Wolves,B0A2GO2DEOo,2020-01-01
Avenged Sevenfold,Bat Country,Bd-MgL6gJSk,2020-01-01
Avenged Sevenfold,Nightmare,OiZToyYDluY,2020-01-01
Avenged Sevenfold,Scream,oB7iT0PNA9Q,2020-01-01
"B-52's, The",Love Shack,ezjrgMVuceg,2020-01-01
"B-52's, The",Love Shack (Duet),HcR9yHaBOC4,2020-01-01
"B-52's, The",Song for a Future Generation,xM6s_10nakc,2020-01-01
Backstreet Boys,I Want It That Way,NxilU56kPu0,2020-01-01
Bauhaus,Bela Lugosi's Dead (abbr. 6 min.),ZjjQQOc5XkM,2020-01-01
Bauhaus,Bela Lugosi's Dead (full 9 min.),LF-dJvtfgDk,2020-01-01
Be Your Own Pet,Becky,MpDOZ-ygV5A,2020-01-01
"Beach Boys, The",Kokomo,aHmfaaKerP4,2020-01-01
Beastie Boys,Paul Revere,y5h1VIah6ew,2020-01-01
"Beatles, The",Yellow Submarine,zvDMgPt5Bxo,2020-01-01
Beyonce,If I Were A Boy,56kZ5BYfO6E,2020-01-01
Big & Rich,Save a Horse (Ride a Cowboy),uzJPCc13qCM,2020-01-01
Billie Eilish,Bad Guy,l1aVSxQIWAw,2020-01-01
Billy Joel,Vienna,gb91uPVocEo,2020-01-01
Billy Joel,Why Should I Worry,D113KMWg-Eg,2020-01-01
Black Sabbath,Black Sabbath,QRfjZIqkvNk,2020-01-01
Black Sabbath,Children of the Grave,VuknzPJZxd0,2020-01-01
Black Sabbath,Fairies Wear Boots,kAFWhZUjPeM,2020-01-01
Black Sabbath,NIB,ZTFzMHNfkbQ,2020-01-01
Black Sabbath,War Pigs,68GwgTJynuQ,2020-01-01
Blink-182,All the Small Things,WCWHVRaBtLg,2020-01-01
Blink-182,Dammit,EySDrEFb5Kg,2020-01-01
Blue Kid,"Dismemberment Song, The",7NClxY5jNs0,2020-01-01
Blue Oyster Cult,(Don't Fear) The Reaper,vLwboi5VkMU,2020-01-01
Bobby 'Boris' Pickett,Monster Mash,-fVgl9-Zx3k,2020-01-01
Bobby McFerrin,Don't Worry Be Happy,7-tt3aXIufs,2020-01-01
Bon Jovi,I'll Be There for You,3jlz2bRn9_0,2020-01-01
Bon Jovi,Wanted Dead Or Alive,Zwy2shCdQPQ,2020-01-01
Bonnie Raitt,Something To Talk About,ukQNTkTxqFU,2020-01-01
Brandi Carlile,"Story, The",5Ysa5iyrpZI,2020-01-01
Britney Spears,Toxic,prgoLEZTit0,2020-01-01
"Buoys, The",Timothy,8KsDlwx5II8,2020-01-01
Bush,Glycerine,Wz7o1iTV3Gk,2020-01-01
Bush,Machinehead,S_MDcEqYSTw,2020-01-01
Bush,Testosterone,wDYOMLNgTGw,2020-01-01
Carrie Underwood,Before He Cheats,AqYrOoZpsjg,2020-01-01
Carrie Underwood,Church Bells,BUHAZnoSl8g,2020-01-01
Carrie Underwood,Ghost Story,4aHucsyTdiY,2020-01-01
Cher,Believe,n24s-klOW0c,2020-01-01
"Chicks, The",Cowboy Take Me Away,rj-tnieGkB4,2020-01-01
"Chicks, The",Goodbye Earl,p1WXou5zv5M,2020-01-01
"Chicks, The",There's Your Trouble,D5LlUFtgpQk,2020-01-01
Chip 'N Dale Rescue Rangers,Chip 'N Dale Rescue Rangers Theme Song,jtHw28HAzLs,2020-01-01
Chris Cornell,Can't Change Me,pSn1dy5gtp4,2020-01-01
Chris Isaak,Wicked Game,QCCgj948gGQ,2020-01-01
"Church, The",Reptile,GAm0aT4_9vs,2020-01-01
"Church, The",Under the Milky Way,N_dCaUpD15U,2020-01-01
CHVRCHES & Robert Smith,How Not to Drown (Duet),2iUtuNMwt88,2020-01-01
"Cramps, The",Goo Goo Muck,i7evW97VhMc,2020-01-01
"Cranberries, The",Zombie,m8CEEkqQiiY,2020-01-01
"Cure, The",Just Like Heaven,0421tpZGaBU,2020-01-01
"Cure, The",Lullaby,89vdI_bblv0,2020-01-01
Cyndi Lauper,Girls Just Want To Have Fun,-Fg7m1ZqkxI,2020-01-01
Danzig,Mother,DJupAbO4rLA,2020-01-01
Dashboard Confessional,Vindicated,JuM6tjk_AQU,2020-01-01
David Bowie,Ashes To Ashes,Io_xgvSLVrM,2020-01-01
David Bowie,Changes,7cbFiCN0LA4,2020-01-01
David Bowie,Fame,mvKHRjzsYm4,2020-01-01
David Bowie,Heroes,VzM15dOXLA8,2020-01-01
David Bowie,Let's Dance,YC5orEtpCCI,2020-01-01
David Bowie,Life On Mars,7q8PGq5ogbg,2020-01-01
David Bowie,"Man Who Sold The World, The",4F2bvQfQy9g,2020-01-01
David Bowie,Modern Love,LTgmQ47fj7U,2020-01-01
David Bowie,Moonage Daydream,H4UR-sZFhRo,2020-01-01
David Bowie,Rebel Rebel,uJ0mrDklDog,2020-01-01
David Bowie,Space Oddity,uxdNTbByADU,2020-01-01
David Bowie,Starman,Z55qQqt8Yqk,2020-01-01
David Bowie,Ziggy Stardust,MWIt6Od7eCQ,2020-01-01
Dead or Alive,You Spin Me Round,Mh9CuCiNJEk,2020-01-01
Death Cab for Cutie,I Will Follow You into the Dark,BbsGlgEsgqA,2020-01-01
Demi Lovato,Confident,xsnGhrrspSM,2020-01-01
Depeche Mode,Barrel of a Gun,ocMfZbaMsB8,2020-01-01
Depeche Mode,Enjoy The Silence,KekDOsq_DeA,2020-01-01
Depeche Mode,Never Let Me Down Again,qpQ7OtR8mPM,2020-01-01
Depeche Mode,Personal Jesus,T9YzdgHnsv4,2020-01-01
Depeche Mode,Policy Of Truth,7yn2GWrUSis,2020-01-01
Depeche Mode,Where's The Revolution,3t1rd6slQxM,2020-01-01
Destroy Boys,I Threw Glass at My Friend's Eyes...,ncB5UmsxNd8,2020-01-01
Dirty Heads,Stand Tall,PN-kKNYfRj4,2020-01-01
"Distillers, The",Hall of Mirrors,u6N74dQ8L4,2020-01-01
Disturbed,Down With The Sickness,mDvnWKr0vTU,2020-01-01
Disturbed,Stupify,PmMUl9UojAs,2020-01-01
"Dixie Chicks, The","See 'Chicks, The'",00000000000,2020-01-01
Dolly Parton,Jolene,r9lVYyhkqUU,2020-01-01
Donovan,Sunshine Superman,CWtbDnLqUmg,2020-01-01
"Doors, The","Crystal Ship, The",4Bg_iSGHs7k,2020-01-01
"Doors, The","Hello, I Love You",DGr9o_IYYs0,2020-01-01
"Doors, The",Touch Me,B18nwO0WKio,2020-01-01
Dr. Horrible,My Freeze Ray,jI02KoEPH1c,2020-01-01
Drake,Hotline Bling,k38V_MG1ZsE,2020-01-01
Duran Duran,Hungry Like the Wolf,GmzRIaRCo_M,2020-01-01
Edwin McCain,I'll Be,fMekk3ND7Uw,2020-01-01
Eminem,Love the Way You Lie ft. Rihanna,HChbNQd8yjs,2020-01-01
Evanescence,My Immortal,Dv4s4KFptCE,2020-01-01
Extreme,More Than Words,svzLPvd6b9k,2020-01-01
Fall Out Boy,"Sugar, We're Goin Down",6vWIM0AjPNc,2020-01-01
Finger Family,Finger Family Song,6c4PZerJI3M,2020-01-01
Five Little Monkeys,Five Little Monkeys,oyYvqANIXUk,2020-01-01
Fleetwood Mac,Dreams,RpvbNiC6u_4,2020-01-01
Fleetwood Mac,Landslide,GjaVueSGx20,2020-01-01
Foo Fighters,Everlong,CpBWX6PySsE,2020-01-01
"Foundations, The",Build Me Up Buttercup,0TvbvdSQQWU,2020-01-01
Frank Sinatra,Fly Me To The Moon,VvjWl7lvrnk,2020-01-01
Fuel,Hemorrhage (In My Hands),_t2NYGzTB70,2020-01-01
Fuel,Shimmer,6WQQvg1s7cU,2020-01-01
Garbage,I Think I'm Paranoid,2rHl7pUITho,2020-01-01
Garth Brooks,Friends in Low Places,yUzq9Q1tPxE,2020-01-01
Gary Jules,Mad World,WpjyAZtKd2U,2020-01-01
Ghost,Cirice,GZGB_2BLmb4,2020-01-01
Ghost,Dance Macabre,YACziPBPF0M,2020-01-01
Ghost,Square Hammer,6N-SI1eN1IA,2020-01-01
Godsmack,1000hp,1vTdT5DAtmI,2020-01-01
Green Day,Basket Case,kfOvVxvXQ0w,2020-01-01
Green Day,Redundant,0zVEta7d6vo,2020-01-01
Green Day,Reject,5dlVkL1Uymc,2020-01-01
Green Day,She,KlI2DgW-2O4,2020-01-01
Greentea Peng,Downers,nWIPPkODrxM,2020-01-01
Guns N' Roses,Sweet Child O' Mine,FtI0tcxl7LU,2020-01-01
Guns N' Roses,Welcome To The Jungle,6DqkVVTaepI,2020-01-01
Halestorm,Here's To Us,_Cf6VQd8O7c,2020-01-01
Halsey,Eyes Closed,odDA2rs-G9M,2020-01-01
Halsey,Lilith,9mbfkYUEjMs,2020-01-01
Halsey,Nightmare,6iHo98p2RDc,2020-01-01
Halsey,Without Me,_QC9OSgbmC8,2020-01-01
Hamilton,You'll Be Back,NeyIh_uFilY,2020-01-01
Harry Nilsson,Without You,X6VZysvEX6U,2020-01-01
Henry Hall,"Teddy Bear's Picnic, The",C21X4J_0oMA,2020-01-01
Hocus Pocus,I Put a Spell on You,41griX6igRc,2020-01-01
Hole,Celebrity Skin,w9d3Q9fhIwk,2020-01-01
Hole,Doll Parts,ARTL7Yesu7w,2020-01-01
Hole,Jennifer's Body,-l1z9fxPphU,2020-01-01
Hole,Miss World,DSbWXlbZSxc,2020-01-01
Hole,Violet,Og6TN25-Qgw,2020-01-01
Hozier,Arsonist's Lullabye,jP9DClLyfWY,2020-01-01
Hozier,Take Me to Church,2bb67GtsI80,2020-01-01
Hozier,Too Sweet,hikzbv4pKp8,2020-01-01
"Hush Sound, The",Carry Me Home,WqIBuuyPoBA,2020-01-01
Incubus,Drive,8SRvGYvZ2S8,2020-01-01
Indigo Girls,Closer to Fine,cekzjE77LrY,2020-01-01
Iron Maiden,Fear of the Dark (Live),Mejh32bBtmU,2020-01-01
Iron Maiden,"Number of the Beast, The",yT2SKNcE6U0,2020-01-01
Janis Joplin,Me And Bobby McGee,mCKGrnbWsF0,2020-01-01
Jay-Z ft. Alicia Keys,Empire State Of Mind,52WbRVGAUBI,2020-01-01
Jefferson Airplane,White Rabbit,IU37361p5MQ,2020-01-01
Jessie Ware,Free Yourself,83-VI8MRIik,2020-01-01
Jo Dee Messina,Lesson In Leavin',GW2XwKNwWqg,2020-01-01
John Legend,All of Me,kr8wPkdHFA0,2020-01-01
John Legend,Ordinary People,I93Xg1aZFEQ,2020-01-01
Johnny Cash,Ring of Fire,ei-VpgPozgQ,2020-01-01
Journey,Lights,SQRHmfj2QO0,2020-01-01
Joy Division,Atmosphere,2AJrQGT5yHc,2020-01-01
Joy Division,Love Will Tear Us Apart,LL2pc7L4H0E,2020-01-01
Justin Timberlake,Can't Stop The Feeling,391uC33uI94,2020-01-01
K.D. Lang,Hallelujah,U3QdWHvaBQc,2020-01-01
Kate Bush,Running Up That Hill (A Deal With God),UPd80vvFNtY,2020-01-01
"Killers, The",Mr. Brightside,c1X3Lg7RVkk,2020-01-01
Laura Branigan,Gloria,y4gtIRSt1Z4,2020-01-01
"Lion King, The",Hakuna Matata (Duet),tcuP-GHt5U0,2020-01-01
Lipps Inc.,Funkytown,YMPSqTx8jUM,2020-01-01
Lita Ford & Ozzy Osbourne,Close My Eyes Forever,XreFuKhow8Y,2020-01-01
Live,All Over You,lF4Hvn8GWeY,2020-01-01
Live,I Alone,A_soKxQslo0,2020-01-01
Live,Lakini's Juice,CuuwHmMGP8U,2020-01-01
Lou Rawls,You'll Never Find,19xoN8DKbJ4,2020-01-01
Machine Gun Kelly,I Think I'm OKAY,m-Yy4RAC8Kg,2020-01-01
Mad Season,Wake Up,CIOI1qpE6WE,2020-01-01
"Mamas & the Papas, The",California Dreamin',paTYxzcjOBU,2020-01-01
"Mamas & the Papas, The",California Dreamin' (Duet),O4yMSSrhZ5c,2020-01-01
Matchbox Twenty,Push,PIfE9VpHIdY,2020-01-01
Matchbox Twenty,Real World,fSK7axkd5yY,2020-01-01
Meredith Brooks,Bitch,EnbF6cJoPLw,2020-01-01
Metallica,Enter Sandman,VevrCwTQVfs,2020-01-01
Metallica,Master of Puppets,qfDunE-V8lg,2020-01-01
Metallica,Nothing Else Matters,jEJlv9YcecM,2020-01-01
Metallica,"Thing That Should Not Be, The",hkJVQrkQ7B0,2020-01-01
Metallica,Trapped Under Ice,RMj8Knp_CTQ,2020-01-01
Michael Jackson,Thriller (no Vincent Price),OwHMgQVWhLc,2020-01-01
Michael Jackson,Thriller (w Vincent Price),fod0TRI14nk,2020-01-01
MIKA,Grace Kelly,ib_PhEzRqTw,2020-01-01
Miranda Lambert,Bluebird,OmR5ao45UHc,2020-01-01
Mitski,A Pearl,Jc66OfkIpbI,2020-01-01
Mitski,I Bet on Losing Dogs,FcrvzRaDGHY,2020-01-01
Mitski,Nobody,64gK32or-Fc,2020-01-01
Monster Magnet,Negasonic Teenage Warhead,G1vZsSfcH3k,2020-01-01
"Mountain Goats, The",Color in Your Cheeks,Ki485Owqg08,2020-01-01
"Mountain Goats, The",Going to Georgia,7Z5GCIpPmhs,2020-01-01
"Mountain Goats, The",This Year,BlR2XTUbuEk,2020-01-01
Muse,Feeling Good,yIMfwELwzpU,2020-01-01
Muse,Pressure,mGnH0Pkuvbg,2020-01-01
My Chemical Romance,Blood,XBBoQ3QtinI,2020-01-01
My Chemical Romance,Cancer,6FXr2kw8H8c,2020-01-01
My Chemical Romance,Cemetery Drive,eCcrc3Bsoy4,2020-01-01
My Chemical Romance,Dead!,92qBGFOnOzA,2020-01-01
My Chemical Romance,Famous Last Words,U2VJo4bA9y8,2020-01-01
My Chemical Romance,"Ghost of You, The",Zjj7hqMSL7U,2020-01-01
My Chemical Romance,Helena,dKHgqVOAOJ4,2020-01-01
My Chemical Romance,I Don't Love You,609O0qqdp44,2020-01-01
My Chemical Romance,I'm Not Okay (I Promise),GO7T7vaW7L4,2020-01-01
My Chemical Romance,Mama,1kBDID9rZDM,2020-01-01
My Chemical Romance,Thank You for the Venom,SeLacxciGC4,2020-01-01
My Chemical Romance,Welcome to the Black Parade,EkJ2NL6xpcc,2020-01-01
My Chemical Romance,You Know What They Do to Guys Like Us...,AOc8F5pw1_Q,2020-01-01
Nancy Sinatra,These Boots Are Made for Walkin',YsLbokazHRA,2020-01-01
Nathan Evans,Wellerman,PD6ippYQ434,2020-01-01
Nathaniel Rateliff & The Night Sweats,Howling At Nothing,llNaUiA6SiM,2020-01-01
Neil Diamond,"Cherry, Cherry",mdqt2YpzyeE,2020-01-01
Neil Diamond,Forever In Blue Jeans,aJsLBQC-6pA,2020-01-01
Neil Diamond,Sweet Caroline,4Vgstvv3u1M,2020-01-01
New Order,Age of Consent,RenNMTbnXHQ,2020-01-01
New Order,Bizarre Love Triangle,UiKvT1mP9kg,2020-01-01
New Order,Blue Monday,reV-j63gnOI,2020-01-01
New Order,Blue Monday '88,_g62DAfdaII,2020-01-01
New Order,Leave Me Alone,QDODIZlTu9k,2020-01-01
New Radicals,You Get What You Give,mTdOkqzkrQg,2020-01-01
Nicki Minaj,Stupid Hoe,YjrTzVOsZjc,2020-01-01
"Nightmare Before Christmas, The",Jack's Lament,oBUOnvZYINw,2020-01-01
"Nightmare Before Christmas, The",What's This,Pqvdcnk48LM,2020-01-01
Nine Inch Nails,All The Love In The World,MRMlBfv_vEs,2020-01-01
Nine Inch Nails,"Big Come Down, The",g5ckzotsMlE,2020-01-01
Nine Inch Nails,Even Deeper,0-lkP7pSaSc,2020-01-01
Nine Inch Nails,Every Day Is Exactly The Same,6YuQmZEBmnM,2020-01-01
Nine Inch Nails,"Fragile, The",0TE_IvVBj2I,2020-01-01
Nine Inch Nails,"Great Below, The",tJYPvC1MSYU,2020-01-01
Nine Inch Nails,"Hand That Feeds, The",Jsl3Z_7oFaQ,2020-01-01
Nine Inch Nails,"No, You Don't",Im53xDlGSSk,2020-01-01
Nine Inch Nails,"Perfect Drug, The",nA0TqmNRErg,2020-01-01
Nine Inch Nails,Please,TTqlqXbW8Zo,2020-01-01
Nine Inch Nails,We're In This Together,mIPml1pdBF8,2020-01-01
Nine Inch Nails,Where Is Everybody,OMXQndaT2k8,2020-01-01
Nirvana,Come As You Are,tiIaKVCZFkQ,2020-01-01
Nirvana,Come As You Are (Unplugged),0kmb8I7_SLc,2020-01-01
Nirvana,Heart Shaped Box,ihNBQQ_rkao,2020-01-01
Nirvana,"Man Who Sold The World, The (Unplugged)",VnNtYp4gMrM,2020-01-01
Norma Tanega,You're Dead,Ia3oCcMT560,2020-01-01
Orgy,Blue Monday,bXgQfRpK6mo,2020-01-01
Outkast,Dracula's Wedding,tK2DyRjgWR0,2020-01-01
Pantera,Cowboys from Hell,E6euUkGgAw4,2020-01-01
Paris Paloma,Labour,nVD8ISqWrQE,2020-01-01
Patti Smith,Because The Night,4jSHaK9KNDI,2020-01-01
Pearl Jam,Animal,obwvoPQiz10,2020-01-01
Pearl Jam,Corduroy,V1B9_NAAeao,2020-01-01
Pearl Jam,Go,w5tY7-B1f2M,2020-01-01
Pearl Jam,Jeremy,tASl6cyQZ1w,2020-01-01
Pearl Jam,Rearviewmirror,Ff1Ru-qGYEM,2020-01-01
Phantom of the Opera,Phantom of the Opera (Duet),xRPs49JqUrs,2020-01-01
Pinkfong,Baby Shark,YshfhiaZzkw,2020-01-01
Pistol Annies,I Feel a Sin Comin' On,OpRVUmYGFcA,2020-01-01
Pitch Perfect,Cups (When I'm Gone),mNL7iE-CxXA,2020-01-01
"Presidents of the USA, The",Lump,ZjB8ybPyPO8,2020-01-01
"Presidents of the USA, The",Peaches,5-CS4TZVfo0,2020-01-01
Pulp,Like a Friend,EABhbJ6t5r4,2020-01-01
Queen,Bohemian Rhapsody,9Lxm0iSnKNc,2020-01-01
Queen,Don't Stop Me Now,G962z-4OL9E,2020-01-01
Queen,I Want To Break Free,y_IIuMX0rHA,2020-01-01
Queen & David Bowie,Under Pressure,ezCqqX5J3pY,2020-01-01
Queens of the Stone Age,Feet Don't Fail Me,cg_t8UDpXGk,2020-01-01
Queens of the Stone Age,Go With The Flow,TW-XM3hw8do,2020-01-01
Queens of the Stone Age,I Sat by the Ocean,Bl14ODSorxI,2020-01-01
Queens of the Stone Age,If Only,8NgA1Lb7UkA,2020-01-01
Queens of the Stone Age,In My Head,IvF6bnUHuC4,2020-01-01
Queens of the Stone Age,In The Fade,pE1YB-ASEs8,2020-01-01
Queens of the Stone Age,Kalopsia,QLjowe3FXtw,2020-01-01
Queens of the Stone Age,Keep Your Eyes Peeled,eyKZ6Ga5XDM,2020-01-01
Queens of the Stone Age,Like Clockwork,XZgvhdMapQM,2020-01-01
Queens of the Stone Age,Little Sister,VV98TsEE804,2020-01-01
Queens of the Stone Age,"Lost Art of Keeping a Secret, The",d9I9HvQUxac,2020-01-01
Queens of the Stone Age,Made to Parade,N2IMUXZaCfE,2020-01-01
Queens of the Stone Age,Make It Wit Chu,-BdSHiiqS9o,2020-01-01
Queens of the Stone Age,Misfit Love,Kws9gnHj_rE,2020-01-01
Queens of the Stone Age,Obscenery,3HDIfn3bCcg,2020-01-01
Queens of the Stone Age,Smooth Sailing,7Q4MU-qvbcM,2020-01-01
Queens of the Stone Age,Un-Reborn Again,WBTbH2X9mc0,2020-01-01
Queens of the Stone Age,"Vampyre of Time and Memory, The",eJGuxefbhgY,2020-01-01
Radiohead,All I Need,yIJ6QxJZQ_k,2020-01-01
Radiohead,Creep,fgt1YxQV8V4,2020-01-01
Radiohead,Idioteque,XGq-T5uWNN4,2020-01-01
Radiohead,Jigsaw Falling Into Place,7a_ZsCperIU,2020-01-01
Radiohead,Karma Police,B4-H-3lSy6w,2020-01-01
Radiohead,Optimistic,1OHFG3QDqHU,2020-01-01
Radiohead,Paranoid Android,7-ucPTAdvf4,2020-01-01
Radiohead,Reckoner,7ivSOnRqBXo,2020-01-01
Ray Parker Jr.,Ghostbusters,c5BjapvUndQ,2020-01-01
Rehab,Bartender Song (Sittin' at a Bar),V_4AF4bPbbo,2020-01-01
Rob Zombie,Dragula,XJu4cu-C-gM,2020-01-01
"Rocky Horror Picture Show, The",Time Warp,Jg4FyXJDg9c,2020-01-01
"Rolling Stones, The","Paint It, Black",fBMGy4d9XZw,2020-01-01
"Rolling Stones, The",Sympathy for the Devil,7vJOoY1tjvY,2020-01-01
"Romantics, The",What I Like About You,Y_1OhDLPwkM,2020-01-01
Rush,"Spirit of Radio, The",djgndCJ2hzY,2020-01-01
Sam Smith,I'm Not the Only One,XcZX89Z0nVA,2020-01-01
Seven Mary Three,Cumbersome,1rNQOtdIOM0,2020-01-01
Shania Twain,That Don't Impress Me Much,LCg8vFCu8Ds,2020-01-01
She Wants Revenge,Tear You Apart,W7emb0VUNO8,2020-01-01
Sheryl Crow,Soak Up the Sun,Y4O99Nq1wTE,2020-01-01
Simple Minds,Don't You (Forget About Me),wZT1WjGUxjY,2020-01-01
Sir Chloe,Michelle,50TNx49KNwc,2020-01-01
Skid Row,18 And Life,3k5jPmWBcrM,2020-01-01
Smash Mouth,All Star,ABOYo7ioQJo,2020-01-01
Soft Cell,Tainted Love,WGbHRHRYo20,2020-01-01
Sonny And Cher,I Got You Babe (Duet),xm-oiJHg5Tk,2020-01-01
Soundgarden,Black Hole Sun,eL3XAPuKaAo,2020-01-01
Soundgarden,Burden In My Hand,eHSBoDiNKUo,2020-01-01
Soundgarden,"Day I Tried To Live, The",P7h5iY58jRA,2020-01-01
Soundgarden,Fell On Black Days,pgjpSF3IMvU,2020-01-01
Soundgarden,Outshined,WXygvUbh31Y,2020-01-01
Soundgarden,Room A Thousand Years Wide,G6xAJVXBylE,2020-01-01
South Pacific,Honey Bun,WzVhpSESojg,2020-01-01
Steven Universe,"It's Over, Isn't It",vlX1hDw4Oek,2020-01-01
Stevie Nicks and Tom Petty,Stop Draggin' My Heart Around,UvdzJjC1-Xw,2020-01-01
Stevie Nicks and Tom Petty,Stop Draggin' My Heart Around (Duet),zAN6F35YOJA,2020-01-01
Stevie Wonder,Part-Time Lover,qh3_4pGioHk,2020-01-01
Stevie Wonder,Superstition,7kWhaDjtY5A,2020-01-01
Stone Temple Pilots,All in the Suit That You Wear,hStGUT5G9hg,2020-01-01
Stone Temple Pilots,Big Empty,7nASPRisc8g,2020-01-01
Stone Temple Pilots,Creep,xJMOoJftxhg,2020-01-01
Stone Temple Pilots,Interstate Love Song,0G4khFOKSaU,2020-01-01
Stone Temple Pilots,Plush,CaEOO19_fNo,2020-01-01
Stone Temple Pilots,Wonderful,pxifxbf5oIM,2020-01-01
Sugar Ray,Every Morning,1G7Fvf_r9tQ,2020-01-01
Sugar Ray,Fly,P88WqShKLM4,2020-01-01
Sugar Ray,Someday,MeOdauPAOv4,2020-01-01
Sugar Ray,When It's Over,1PB2jyG0UHU,2020-01-01
Supertramp,Bloody Well Right,3wZ4cM9lpvw,2020-01-01
Supertramp,Breakfast in America,K3HTvyCpEd0,2020-01-01
Supertramp,Dreamer,fDrhPqQmtGY,2020-01-01
Supertramp,Give a Little Bit,BPZjSxFtLTU,2020-01-01
Supertramp,Just Another Nervous Wreck,ozxMh-qvyJM,2020-01-01
Supertramp,"Logical Song, The",pceoIMAtmsc,2020-01-01
Supertramp,School,EP_izEwAhqI,2020-01-01
Supertramp,Take the Long Way Home,JXcnyXN8DDo,2020-01-01
Suzanne Vega,Luka,h6GfWSJMsVw,2020-01-01
Suzanne Vega,Tom's Diner,MYWz3oMd4Lg,2020-01-01
System of a Down,Aerials,kfsWXM3Yit8,2020-01-01
System of a Down,Roulette,DnXvyRWQvNA,2020-01-01
System of a Down,Spiders,64lBQYxaREE,2020-01-01
t.A.T.u.,All the Things She Said,yQW-yNAZZAc,2020-01-01
Talking Heads,Burning Down the House,qnutIQTO6dI,2020-01-01
Talking Heads,Psycho Killer,jF2SQJ6bN9Y,2020-01-01
Taproot,Calling,a3A8IT01lKA,2020-01-01
Tarja,I Walk Alone,a6O07IZGgU4,2020-01-01
Taron Egerton,I'm Still Standing (from Sing),rHO9fMB_tAg,2020-01-01
Tears for Fears,Everybody Wants to Rule the World,8JCsU3rXPyE,2020-01-01
Tears For Fears,Mad World,p-WMvkT1QHE,2020-01-01
Tenacious D,Fuck Her Gently,QqMaucK9rFM,2020-01-01
Tenacious D,Kickapoo,H9L7WIjnie8,2020-01-01
Tenacious D,Tribute,GQ5-YiMOru4,2020-01-01
They Might Be Giants,She's an Angel,6gZNGgwMWYA,2020-01-01
Tina Turner,What's Love Got to Do with It,uwD223bQDHI,2020-01-01
Toadies,Possum Kingdom,cHs5gzAqzyg,2020-01-01
Toby Keith,How Do You Like Me Now,uDjmxD0YlTk,2020-01-01
Tom Waits,Way Down in the Hole,keo420kUADk,2020-01-01
Tommy Tutone,867-5309 Jenny,DUmvc83oP_c,2020-01-01
Tove Lo,Habits (Stay High),dkFprYzkj-c,2020-01-01
Van Halen,Runnin' with the Devil,9d73xIKnQW0,2020-01-01
Vance Joy,Riptide,0RZjBAwG9nQ,2020-01-01
Violent Femmes,Blister in the Sun,syKjfskVr1g,2020-01-01
Warren Zevon,Werewolves of London,nvN56FD6-vg,2020-01-01
Weezer,El Scorcho,_y4QmO4IH5I,2020-01-01
Weezer,"Greatest Man That Ever Lived, The",yIlDBHYAJcg,2020-01-01
Weezer,Perfect Situation,iOXdcsc3HsY,2020-01-01
Weezer,Say It Ain't So,WAC36_fIa-Q,2020-01-01
Weezer,Undone (The Sweater Song),xTfVBBHO57A,2020-01-01
Ylvis,What Does The Fox Say,JkKwx_PIw9o,2020-01-01
ZZ Top,Sharp Dressed Man,prRalwto9iY,2020-01-01
Alvvays,"Archie, Marry Me",ZgTv7XGEMig,<built-in method date of datetime.datetime object at 0x1063880f0>
Right Said Fred,I'm Too Sexy,qZxUDyMTrzY,<built-in method date of datetime.datetime object at 0x106388420>
A-Ha,Take On Me,GK0hisiU6-c,<built-in method date of datetime.datetime object at 0x106388450>
Aqua,Barbie Girl,W28FCLk0dJo,<built-in method date of datetime.datetime object at 0x106388600>
Aqua,Barbie Girl (Duet),ozn8o_U2sE4,<built-in method date of datetime.datetime object at 0x106388630>
"Armed, The",Where Man Knows Want,OHN1hzc9MDg,<built-in method date of datetime.datetime object at 0x106388690>
Nine Inch Nails,Right Where It Belongs,0UFE7B2Fkcw,<built-in method date of datetime.datetime object at 0x1063887b0>
Jack Stauber,"Peppermint (Duet, abbr.)",67onZapdCaw,<built-in method date of datetime.datetime object at 0x106388870>
"Armed, The",AN ITERATION,n3fWSAZzgaY,<built-in method date of datetime.datetime object at 0x106388a50>
Billy Ray Cyrus,Achy Breaky Heart,QIRrJlwFMHg,<built-in method date of datetime.datetime object at 0x106388ae0>
CAKE,Satan Is My Motor,2d9-GV35Wjo,<built-in method date of datetime.datetime object at 0x106388b70>
Doja Cat,Say So,Bl2AbaX85mw,<built-in method date of datetime.datetime object at 0x106388c90>
Faye Webster,Kingston,VXQCdjGiw1U,<built-in method date of datetime.datetime object at 0x106388d20>
Doja Cat,Tia Tamera ft. Rico Nasty,hLGnZilWKnQ,<built-in method date of datetime.datetime object at 0x106388d50>
Frank Ocean,Pink + White,UCAH9fX6Iwg,<built-in method date of datetime.datetime object at 0x106388db0>
Julia Jacklin,Someday,JpAs7f3pglo,<built-in method date of datetime.datetime object at 0x106388e40>
Lady Gaga,Paparazzi,nsWuCsBHhMY,<built-in method date of datetime.datetime object at 0x106388ed0>
Marcy Playground,Sex and Candy,EBImUtdKhnw,<built-in method date of datetime.datetime object at 0x106388f60>
Stromae,Papaoutai,CUO2UTYy2Oo,<built-in method date of datetime.datetime object at 0x1063fe030>
Adam and the Ants,Stand and Deliver,FdkOPfTmj3c,<built-in method date of datetime.datetime object at 0x1063fe0c0>
Amigo the Devil,Murder at the Bingo Hall,EDHoSj-YDps,<built-in method date of datetime.datetime object at 0x1063fe150>
Black Sabbath,Heaven and Hell,8AJjXNYrFHA,<built-in method date of datetime.datetime object at 0x1063fe1e0>
Cage the Elephant,Ain't No Rest for the Wicked,0su6Ovfbetk,<built-in method date of datetime.datetime object at 0x1063fe300>
British Sea Power,The Smallest Church in Saint-Saëns,E3UUFd_gTv0,<built-in method date of datetime.datetime object at 0x1063fe330>
Bruce Springsteen,The Ghost of Tom Joad,yx9AtcQWXVg,<built-in method date of datetime.datetime object at 0x1063fe390>
"Crane Wives, The",Curses,VH79fXG5BL4,<built-in method date of datetime.datetime object at 0x1063fe420>
Tears for Fears,Change,E9LvUNKl1KU,<built-in method date of datetime.datetime object at 0x1063fe450>
Childish Gambino,Redbone (Clean),yM0VA66F7CQ,<built-in method date of datetime.datetime object at 0x1063fe4b0>
"Cure, The",The Lovecats,CcB7-bjWXEU,<built-in method date of datetime.datetime object at 0x1063fe540>
Cutting Crew,(I Just) Died in Your Arms,uLbdaJaokuc,<built-in method date of datetime.datetime object at 0x1063fe5d0>
David Bowie,Lady Stardust,9QLQ3-iL8j0,<built-in method date of datetime.datetime object at 0x1063fe660>
David Bowie,Rock 'n' Roll With Me,AAbtMuIb7XA,<built-in method date of datetime.datetime object at 0x1063fe6f0>
"Decemberists, The",Here I Dreamt I Was an Architect,mxJppHMe7yQ,<built-in method date of datetime.datetime object at 0x1063fe780>
"Decemberists, The",O Valencia!,6jZDyBh0eUQ,<built-in method date of datetime.datetime object at 0x1063fe810>
"Decemberists, The",The Chimbley Sweep,-4E1oIUIEuI,<built-in method date of datetime.datetime object at 0x1063fe8a0>
"Decemberists, The",The Legionnaire's Lament,aDsA2EXVV4k,<built-in method date of datetime.datetime object at 0x1063fe930>
"Decemberists, The",Yankee Bayonet (I Will Be Home Then),IFK57PekHqk,<built-in method date of datetime.datetime object at 0x1063fe9c0>
Eurythmics,Sweet Dreams (Are Made of This) (Remix),-f0Zqxmfm1o,<built-in method date of datetime.datetime object at 0x1063fea50>
Everything Everything,Cold Reactor,w4gyA9MlWao,<built-in method date of datetime.datetime object at 0x1063feae0>
Gnarls Barkley,Crazy,ekPbSYMtU6o,<built-in method date of datetime.datetime object at 0x1063feb70>
Gnarls Barkley,Smiley Faces,zCmThy5wWeg,<built-in method date of datetime.datetime object at 0x1063fec00>
Lord Huron,Vide Noir,TxWr4rkQIUc,<built-in method date of datetime.datetime object at 0x1063fec90>
Janelle Monáe,Electric Lady,DBDEjIxCrnQ,<built-in method date of datetime.datetime object at 0x1063fecc0>
Lemon Demon,Touch-Tone Telephone,XCzVjPsaJpk,<built-in method date of datetime.datetime object at 0x1063fed20>
Lord Huron,When the Night Is Over,GMtguv0QI_k,<built-in method date of datetime.datetime object at 0x1063fedb0>
Miike Snow,Genghis Khan,Zu5g1VNjkQ8,<built-in method date of datetime.datetime object at 0x1063fee40>
Nemo,The Code,GwBkAipkRUY,<built-in method date of datetime.datetime object at 0x1063feed0>
New Order,Hey Now What You Doing,ukebJ3o9144,<built-in method date of datetime.datetime object at 0x1063fef60>
"Mars Volta, The",L'Via L'Viaquez,hD4XZuIObQc,<built-in method date of datetime.datetime object at 0x106400030>
Metric,Black Sheep,VplDWXSHiEs,<built-in method date of datetime.datetime object at 0x1064000c0>
"Mars Volta, The",Son et Lumière & Inertiatic ESP,HlbKh7rVkzk,<built-in method date of datetime.datetime object at 0x1064000f0>
"Mars Volta, The",The Widow,VULAvpu7FOQ,<built-in method date of datetime.datetime object at 0x106400150>
Neon Genesis Evangelion,Zankoku na Tenshi no Teze (Main Theme),kfREg0i6eOM,<built-in method date of datetime.datetime object at 0x1064001e0>
Phoebe Bridgers,Kyoto,Nu2TZ3jGK_U,<built-in method date of datetime.datetime object at 0x106400270>
"Postal Service, The",Nothing Better (Duet),aET4quuzPPM,<built-in method date of datetime.datetime object at 0x106400300>
"Postal Service, The",Such Great Heights,kQmHUruKaUw,<built-in method date of datetime.datetime object at 0x106400390>
SAMIA,Someone Tell the Boys,lZs2T-Z58gA,<built-in method date of datetime.datetime object at 0x106400420>
Saweetie,Best Friend ft. Doja Cat,LjGf1vVIPis,<built-in method date of datetime.datetime object at 0x106400570>
"Shins, The",Gone for Good,HA69WyJhKp4,<built-in method date of datetime.datetime object at 0x1064005d0>
Korn,Another Brick in the Wall,3RFmrY_Seks,<built-in method date of datetime.datetime object at 0x106400630>
"Unicorns, The",I Was Born a Unicorn,orzqL3Y7Kck,<built-in method date of datetime.datetime object at 0x1064006f0>
Edith Piaf,La Vie en Rose,4c4myH5kbo0,<built-in method date of datetime.datetime object at 0x106400720>
Sonic Adventure,Believe in Myself (Tails' Theme),JDlQARZS31Y,<built-in method date of datetime.datetime object at 0x106400810>
Sonic Adventure 2,Escape from the City,5bjULQizgfw,<built-in method date of datetime.datetime object at 0x106400840>
Sonic Adventure,It Doesn't Matter (Sonic's Theme),G2nte_pmPQE,<built-in method date of datetime.datetime object at 0x1064008a0>
Sonic Adventure,Lazy Days (Duet) (Big's Theme),eYHWFFGHilI,<built-in method date of datetime.datetime object at 0x106400930>
Sonic Adventure,My Sweet Passion (Amy's Theme),V27E3gYrnXQ,<built-in method date of datetime.datetime object at 0x1064009c0>
Sonic Adventure,Open Your Heart (Main Theme),IYW_SCSKJXw,<built-in method date of datetime.datetime object at 0x106400a50>
Sonic Adventure,Unknown from M.E. (Knuckles' Theme),16P-TFAEutU,<built-in method date of datetime.datetime object at 0x106400ae0>
Sonic Adventure 2,Believe in Myself (Tails' Theme),rM5gnVG8DbQ,<built-in method date of datetime.datetime object at 0x106400b70>
Sonic Adventure 2,E.G.G.M.A.N. (Eggman's Theme),7AJX9N0ZzaY,<built-in method date of datetime.datetime object at 0x106400c00>
Sonic Adventure 2,Fly in the Freedom (Rouge's Theme),XmUB3KG_RIQ,<built-in method date of datetime.datetime object at 0x106400c90>
Sonic Adventure 2,It Doesn't Matter (Sonic's Theme),hUcir7t_MIs,<built-in method date of datetime.datetime object at 0x106400d20>
Sonic Adventure 2,Live & Learn (Main Theme),ozaYTjYygzc,<built-in method date of datetime.datetime object at 0x106400db0>
Sonic Adventure 2,Supporting Me (Biolizard's Theme),wObdxUwInIg,<built-in method date of datetime.datetime object at 0x106400e40>
Sonic Adventure 2,Throw It All Away (Shadow's Theme),zfOuMz15wxg,<built-in method date of datetime.datetime object at 0x106400ed0>
Sonic Adventure 2,Unknown from M.E. (Knuckles' Theme),vD3mXoZLH0s,<built-in method date of datetime.datetime object at 0x106400f60>
Chappell Roan,Red Wine Supernova,h9iOmGY0zRM,<built-in method date of datetime.datetime object at 0x106407030>
Chevelle,The Red,ASdMdGH2rVI,<built-in method date of datetime.datetime object at 0x1064070c0>
"Darkness, The",I Believe in a Thing Called Love,g_mMdLr2RSE,<built-in method date of datetime.datetime object at 0x106407150>
Evanescence,Bring Me to Life,frpfRwGv6KU,<built-in method date of datetime.datetime object at 0x1064071e0>
Evanescence,Everybody's Fool,kzAre14LqGI,<built-in method date of datetime.datetime object at 0x106407270>
Evanescence,Going Under,hmgPwlcQHHg,<built-in method date of datetime.datetime object at 0x106407300>
Evanescence,Lithium,dFq7PxiKCj8,<built-in method date of datetime.datetime object at 0x106407390>
Frozen,Let It Go,ifCAfAzOBJM,<built-in method date of datetime.datetime object at 0x106407420>
Hercules,I Won't Say (I'm In Love),QJmL664nLhA,<built-in method date of datetime.datetime object at 0x1064074b0>
Hozier,Movement,eLmQdlz4jwI,<built-in method date of datetime.datetime object at 0x106407540>
Hozier,Someone New,9lXGUYe4osQ,<built-in method date of datetime.datetime object at 0x1064075d0>
Incubus,Anna Molly,fB1sEcCynkE,<built-in method date of datetime.datetime object at 0x106407660>
Incubus,Dig,jyN_1P4VG6U,<built-in method date of datetime.datetime object at 0x1064076f0>
Incubus,Love Hurts,ZEts2sOpzro,<built-in method date of datetime.datetime object at 0x106407780>
Incubus,Pardon Me,aB-CPShxMBk,<built-in method date of datetime.datetime object at 0x106407810>
Incubus,Stellar,5FIZMAAD9VQ,<built-in method date of datetime.datetime object at 0x1064078a0>
Jax,Victoria's Secret,_RD5Yf3Vu6Q,<built-in method date of datetime.datetime object at 0x106407930>
"Killers, The",Glamorous Indie Rock & Roll,1b6ibQJaZwY,<built-in method date of datetime.datetime object at 0x1064079c0>
Linkin Park,In the End,uIcmAyAJ5hE,<built-in method date of datetime.datetime object at 0x106407a50>
Linkin Park,Numb,umUTLZ06Gsw,<built-in method date of datetime.datetime object at 0x106407ae0>
Nine Inch Nails,Only,qYmNBRV1-PE,<built-in method date of datetime.datetime object at 0x106407b70>
Nine Inch Nails,Something I Can Never Have,7NgfqVMp2yQ,<built-in method date of datetime.datetime object at 0x106407c00>
Paramore,All I Wanted,sOtdXKWtHyo,<built-in method date of datetime.datetime object at 0x106407c90>
Puscifer,Potions,08LyYJGByAA,<built-in method date of datetime.datetime object at 0x106407d20>
Puscifer,Rev 22 20,i6UwExrlI2A,<built-in method date of datetime.datetime object at 0x106407db0>
Queen,I'm Going Slightly Mad,-ZQcFdhSMtw,<built-in method date of datetime.datetime object at 0x106407e40>
Say Anything,Alive with the Glory of Love,fDCtFP5sKNg,<built-in method date of datetime.datetime object at 0x106407f60>
Sixpence None the Richer,There She Goes,iWBfUT_UK-I,<built-in method date of datetime.datetime object at 0x106409030>
Slipknot,Before I Forget,MmsRaJNzNKE,<built-in method date of datetime.datetime object at 0x1064090c0>
Slipknot,Duality,OfWFfthYuW0,<built-in method date of datetime.datetime object at 0x106409150>
Slipknot,Snuff,t5dek0BpmXo,<built-in method date of datetime.datetime object at 0x1064091e0>
Slipknot,"Vermillion, Pt. 2",4uDNHsdLgpI,<built-in method date of datetime.datetime object at 0x106409270>
Slipknot,Wait and Bleed,NTC3cMGpJ-I,<built-in method date of datetime.datetime object at 0x106409300>
"Smashing Pumpkins, The",Bullet with Butterfly Wings,NdqZQERua_I,<built-in method date of datetime.datetime object at 0x106409390>
"Smashing Pumpkins, The",Today,uhQ-g3yH52M,<built-in method date of datetime.datetime object at 0x106409420>
"Smashing Pumpkins, The","Tonight, Tonight",RYmTacXZ6EM,<built-in method date of datetime.datetime object at 0x1064094b0>
"Smashing Pumpkins, The",Zero,p2O74jis-Ys,<built-in method date of datetime.datetime object at 0x106409540>
Steven Universe,Do It for Her (Duet),xfTd-7CuWKc,<built-in method date of datetime.datetime object at 0x1064095d0>
Steven Universe,Giant Woman,LPnje5jLyX8,<built-in method date of datetime.datetime object at 0x106409660>
Steven Universe,Something Entirely New (Duet),SwqEnLTpiMM,<built-in method date of datetime.datetime object at 0x1064096f0>
"Strokes, The",Last Nite,eYjsYelPAco,<built-in method date of datetime.datetime object at 0x106409780>
System of a Down,Toxicity,TXenLQdECkM,<built-in method date of datetime.datetime object at 0x106409810>
System of a Down,Violent Pornography,_GAHYn-cjJk,<built-in method date of datetime.datetime object at 0x1064098a0>
Tool,Sober,n3riqiLQb9U,<built-in method date of datetime.datetime object at 0x106409930>
Tool,Stinkfist,Qz5ckGJJFhQ,<built-in method date of datetime.datetime object at 0x1064099c0>
Wicked,Defying Gravity,_ce778S_3iI,<built-in method date of datetime.datetime object at 0x106409a50>
Alkaline Trio,This Could Be Love,AKZ-LRXOUVs,<built-in method date of datetime.datetime object at 0x106409ae0>
Blackbear,Hot Girl Bummer,NfGSgwfgUik,<built-in method date of datetime.datetime object at 0x106409b70>
Datarock,Amarillion,h3vVM9LJp0E,<built-in method date of datetime.datetime object at 0x106409c00>
Gims,Bella,Udvca55Raf0,<built-in method date of datetime.datetime object at 0x106409c90>
MIKA,Elle Me Dit,gL7hhM0Qx6Q,<built-in method date of datetime.datetime object at 0x106409d20>
Gims,Caméléon,_NJZRDmXCAk,<built-in method date of datetime.datetime object at 0x106409d50>
Gims,Est-ce Que Tu M'aimes,K1iANopVspc,<built-in method date of datetime.datetime object at 0x106409db0>
Rihanna,Umbrella (No Rap),ra3UzdpfoBg,<built-in method date of datetime.datetime object at 0x106409de0>
Stromae,Alors On Danse,p1fzVQ6yzU0,<built-in method date of datetime.datetime object at 0x106409e40>
Rihanna,Umbrella ft. Jay-Z,xgLuhXNrUz8,<built-in method date of datetime.datetime object at 0x106409e70>
Stromae,Carmen,6p7cIkheLag,<built-in method date of datetime.datetime object at 0x106409ed0>
Stromae,Formidable,nf2AEzMwYFM,<built-in method date of datetime.datetime object at 0x106409f60>
New Order,Temptation,nMZi83WoD2c,<built-in method date of datetime.datetime object at 0x10640c030>
"Police, The",King of Pain,ySEkLJU4G04,<built-in method date of datetime.datetime object at 0x10640c0c0>
"Police, The",Synchronicity II,uK2zkOfcQyk,<built-in method date of datetime.datetime object at 0x10640c150>
"Police, The",Wrapped Around Your Finger,wNC4a-I-ic8,<built-in method date of datetime.datetime object at 0x10640c1e0>
"Revivalists, The",Wish I Knew You,jkE0LehXml0,<built-in method date of datetime.datetime object at 0x10640c270>
Sting,The Soul Cages,fRzGGhGocNI,<built-in method date of datetime.datetime object at 0x10640c300>
Talking Heads,This Must Be The Place (Naive Melody),ZMP2kb7SgXE,<built-in method date of datetime.datetime object at 0x10640c390>
Trans-Siberian Orchestra,What Is Eternal,KIf0bN7PmXo,<built-in method date of datetime.datetime object at 0x10640c420>
Type O Negative,Love You to Death,qhtfW7S76RQ,<built-in method date of datetime.datetime object at 0x10640c4b0>
ZZ Ward,Til The Casket Drops,7Pdv5hWhf0U,<built-in method date of datetime.datetime object at 0x10640c540>
Gotye ft. Kimbra,Somebody That I Used To Know,7zYoDiWvwN4,<built-in method date of datetime.datetime object at 0x10640c570>
"Crazy World of Arthur Brown, The",Fire,573mpEzsmhM,<built-in method date of datetime.datetime object at 0x10640c660>
Gotye ft. Kimbra,Somebody That I Used To Know (Duet),Zxll-M2ULMI,<built-in method date of datetime.datetime object at 0x10640c720>
"Cardigans, The & Tom Jones",Burning Down the House (Duet),EByXYdGhAHo,<built-in method date of datetime.datetime object at 0x10640c810>
April Smith and the Great Picture Show,Dixie Boy,gm0Ta7t2p6c,<built-in method date of datetime.datetime object at 0x10640c8a0>
Kid Rock,Picture ft. Sheryl Crow (Duet),tuP6LczqLR4,<built-in method date of datetime.datetime object at 0x10640c930>
Kim Petras,There Will Be Blood,jkffV6VNfbA,<built-in method date of datetime.datetime object at 0x10640c9c0>
Saint Motel,My Type,6X0XtuJ3D2E,<built-in method date of datetime.datetime object at 0x10640ca50>
LCD Soundsystem,"New York, I Love You But You're Bringing...",3ytAUwJlMsk,<built-in method date of datetime.datetime object at 0x10640ca80>
Olivia Rodrigo,Get Him Back,SrzM3HOtKsY,<built-in method date of datetime.datetime object at 0x10640cae0>
Sky Ferreira,Heavy Metal Heart,3arqjGnagfM,<built-in method date of datetime.datetime object at 0x10640cb70>
Sweet,Ballroom Blitz,KQY8P3mb7ZI,<built-in method date of datetime.datetime object at 0x10640cc00>
"Thermals, The","Let Your Earth Quake, Baby",nHabbKalm3E,<built-in method date of datetime.datetime object at 0x10640cc90>
"Thermals, The",Returning to the Fold,CcNDAQ4vdII,<built-in method date of datetime.datetime object at 0x10640cd20>
Toh Kay,Shantantitty Town,3_e0v26-JI0,<built-in method date of datetime.datetime object at 0x10640cdb0>
Ying Yang Twins,Wait (The Whisper Song),KDoD_har7UU,<built-in method date of datetime.datetime object at 0x10640ce40>
Chumbawamba,Tubthumping,HtbMqSts8dI,<built-in method date of datetime.datetime object at 0x10640ced0>
All Time Low ,"Dear Maria, Count Me In",hlteotxlnIc,<built-in method date of datetime.datetime object at 0x10640cf60>
Chappell Roan,Casual,-A58t72ENz4,<built-in method date of datetime.datetime object at 0x10640e030>
Childish Gambino,Redbone,VtlB9rCmv1k,<built-in method date of datetime.datetime object at 0x10640e0c0>
Cosmo Sheldrake,Does the Swallow Dream of Flying,SPIDJWFUny0,<built-in method date of datetime.datetime object at 0x10640e150>
Coyote Kid,Destroyer of Worlds,yNkxVQbIzsQ,<built-in method date of datetime.datetime object at 0x10640e1e0>
"Earth, Wind & Fire",September,cKRmRYad318,<built-in method date of datetime.datetime object at 0x10640e270>
Eric Hutchinson,"OK, It's Alright With Me",e3JEKAA-SwI,<built-in method date of datetime.datetime object at 0x10640e300>
Fish in a Birdcage,Rule #34,iMOlsvkvjN4,<built-in method date of datetime.datetime object at 0x10640e390>
Friday Pilots Club,Would You Mind,SAI5f5Su7ig,<built-in method date of datetime.datetime object at 0x10640e420>
Fugees,Killing Me Softly with His Song,DKTlrfsLuhA,<built-in method date of datetime.datetime object at 0x10640e4b0>
I Don't Know How But They Found Me,Absinthe,672T0ZKlE6I,<built-in method date of datetime.datetime object at 0x10640e540>
Jazmine Sullivan,Bust Your Windows,KK1rnzOk0Ts,<built-in method date of datetime.datetime object at 0x10640e5d0>
"Killers, The",Somebody Told Me,p11rc6Qhuho,<built-in method date of datetime.datetime object at 0x10640e660>
Lana Del Rey,Million Dollar Man,vQ2R_8iRfzU,<built-in method date of datetime.datetime object at 0x10640e6f0>
Les Gold,Silver Platters,Nd0sBLIVXi4,<built-in method date of datetime.datetime object at 0x10640e780>
"Longest Johns, The",Oak & Ash & Thorn,TEucI4vU3KQ,<built-in method date of datetime.datetime object at 0x10640e810>
Madds Buckley,The Red Means I Love You,6WpSJEfWHmg,<built-in method date of datetime.datetime object at 0x10640e8a0>
Mariah Carey,We Belong Together,xMt1vHky0m4,<built-in method date of datetime.datetime object at 0x10640e930>
Mario,Let Me Love You,xEwPVphGS70,<built-in method date of datetime.datetime object at 0x10640e9c0>
Miguel,Coffee,zH7EHKEnpzE,<built-in method date of datetime.datetime object at 0x10640ea50>
Miguel,Sure Thing,Iilqpt9eC4k,<built-in method date of datetime.datetime object at 0x10640eae0>
Miley Cyrus,Party in the USA,kfa-26JfdDA,<built-in method date of datetime.datetime object at 0x10640eb70>
My Chemical Romance,Vampires Will Never Hurt You,ChBzIOODxAE,<built-in method date of datetime.datetime object at 0x10640ec00>
Ne-Yo,So Sick (Duet),M3Q9A7QWWFI,<built-in method date of datetime.datetime object at 0x10640ec90>
Panic! At The Disco,I Write Sins Not Tragedies,Eby9kjH3wXE,<built-in method date of datetime.datetime object at 0x10640ed20>
Pomplamoose,Bust Your Knee Caps,n0SFVEnPyFM,<built-in method date of datetime.datetime object at 0x10640edb0>
R. Kelly,Ignition (Remix),0PnMNxfgoGA,<built-in method date of datetime.datetime object at 0x10640ee40>
Sammy Rae & the Friends,Closer To You,ao7r6wNvzHc,<built-in method date of datetime.datetime object at 0x10640eed0>
Sisqo,Thong Song,wqX5xwrxJ2U,<built-in method date of datetime.datetime object at 0x10640ef60>
Super Cassette,"Be Gay, Do Drugs, Hail Satan",Q0Xi3PSCGhA,<built-in method date of datetime.datetime object at 0x106410030>
TLC,No Scrubs,CUFIRtDz-Oo,<built-in method date of datetime.datetime object at 0x1064100c0>
Trey Songz,Neighbors Know My Name,rMy152Lt6_Y,<built-in method date of datetime.datetime object at 0x106410150>
Usher,Burn,giE8oV3AI44,<built-in method date of datetime.datetime object at 0x1064101e0>
Usher,Confessions Part II,PCWe2TO0kfo,<built-in method date of datetime.datetime object at 0x106410270>
Valerie Broussard,A Little Wicked,qPmm9S66JsM,<built-in method date of datetime.datetime object at 0x106410300>
Adventure Time,Monster,OwME3OP8UPo,<built-in method date of datetime.datetime object at 0x106410390>
Alvin and the Chipmunks,Walk Like an Egyptian (16 speed),9CAerD91Go8,<built-in method date of datetime.datetime object at 0x106410420>
Barry McGuire,Eve of Destruction,A_kDX6LeTEY,<built-in method date of datetime.datetime object at 0x1064104b0>
Beach Bunny,Dream Boy,okCNazRkwTw,<built-in method date of datetime.datetime object at 0x106410540>
Beach Bunny,Prom Queen,oo4WyB9JBGk,<built-in method date of datetime.datetime object at 0x1064105d0>
Beach Bunny,Sports,DBOEo9mudE4,<built-in method date of datetime.datetime object at 0x106410660>
Bo Burnham,Welcome to the Internet,FK0vZWztu80,<built-in method date of datetime.datetime object at 0x1064106f0>
Bo Burnham,White Woman's Instagram,9vhlO2DHRCs,<built-in method date of datetime.datetime object at 0x106410780>
"Cardigans, The",Sabbath Bloody Sabbath,18nz5d7HCgI,<built-in method date of datetime.datetime object at 0x1064108a0>
"Cardigans, The",Iron Man,wuKh6S1dnag,<built-in method date of datetime.datetime object at 0x106410930>
Charly Bliss,Capacity,6TAU7_P8iLE,<built-in method date of datetime.datetime object at 0x1064109c0>
Charly Bliss,Hard to Believe,-sDD0zOvYDw,<built-in method date of datetime.datetime object at 0x106410a50>
Charly Bliss,Percolator,K6MDCakJjTc,<built-in method date of datetime.datetime object at 0x106410ae0>
"Classics IV, The",Spooky,ILS6vA_HaK8,<built-in method date of datetime.datetime object at 0x106410b70>
d4vd,My House Is Not a Home,sbwdgfWo7a0,<built-in method date of datetime.datetime object at 0x106410c00>
d4vd,Romantic Homicide,6gJOFTj-z_I,<built-in method date of datetime.datetime object at 0x106410c90>
Dazey and the Scouts,Wet,B2iJHV7c2Ok,<built-in method date of datetime.datetime object at 0x106410d20>
Destroy Boys,Crybaby,jyIAStOu2TU,<built-in method date of datetime.datetime object at 0x106410db0>
Devo,"Gut Feeling, Slap Your Mammy",AcMa0xcv3Qg,<built-in method date of datetime.datetime object at 0x106410e40>
"Doors, The",The End,xltxNkvBDt8,<built-in method date of datetime.datetime object at 0x106410ed0>
Foo Fighters,"Pretender, The",78G5rQjRJgM,<built-in method date of datetime.datetime object at 0x106410f60>
Big Data,Dangerous ft. Joywave,Az5ClEj9eiY,<built-in method date of datetime.datetime object at 0x106412030>
Limp Bizkit,Behind Blue Eyes,B0lyg3DPeqI,<built-in method date of datetime.datetime object at 0x1064120c0>
Puddle of Mudd,Blurry,nzUt8H3lcqg,<built-in method date of datetime.datetime object at 0x106412150>
Radiohead,How to Disappear Completely,gRVO2CeOTOE,<built-in method date of datetime.datetime object at 0x1064121e0>
Radiohead,In Limbo,y0MeKjbx3ns,<built-in method date of datetime.datetime object at 0x106412270>
Butthole Surfers,Pepper,0vtXdXRtxAM,<built-in method date of datetime.datetime object at 0x106412300>
FIFTY FIFTY,"Cupid (Twin version, Sped up)",69hoU1OdJjQ,<built-in method date of datetime.datetime object at 0x106412420>
Puddle of Mudd,She Hates Me,ZNfNc3W8m6A,<built-in method date of datetime.datetime object at 0x1064124b0>
Staind,It's Been Awhile,fMMCdBJS_Bs,<built-in method date of datetime.datetime object at 0x106412540>
Trapt,HeadStrong,oTSru9yYVH8,<built-in method date of datetime.datetime object at 0x106412570>
Ween,Transdermal Celebration,waAomUNzHgs,<built-in method date of datetime.datetime object at 0x1064125d0>
Ween,Your Party,22Okf1eWm4I,<built-in method date of datetime.datetime object at 0x106412660>
A Day to Remember,Since U Been Gone,v8OByNS0H-A,<built-in method date of datetime.datetime object at 0x1064126f0>
Alice in Chains,I Stay Away (no backing vocals),Xi4HCBaVr6s,<built-in method date of datetime.datetime object at 0x1064128d0>
Alice in Chains,I Stay Away (w backing vocals),vOGzcX_FBJw,<built-in method date of datetime.datetime object at 0x106412930>
Alice In Chains,Down in a Hole,SBqnQwPMx1Y,<built-in method date of datetime.datetime object at 0x106412960>
Alice in Chains,Man in the Box,S4Y9Z0-F8q4,<built-in method date of datetime.datetime object at 0x1064129f0>
Alice in Chains,Rooster,7-kiOBGtQ8A,<built-in method date of datetime.datetime object at 0x106412a50>
Alice in Chains,Would,O__gNwK70y8,<built-in method date of datetime.datetime object at 0x106412ae0>
Audioslave,I Am the Highway,RBx5LTWTpeY,<built-in method date of datetime.datetime object at 0x106412b70>
Audioslave,Show Me How to Live,SNvTfkFkmg8,<built-in method date of datetime.datetime object at 0x106412c00>
Bad Omens,Like a Villain,58raSIFlrII,<built-in method date of datetime.datetime object at 0x106412c90>
Bad Omens,The Death of Peace of Mind,EYugkXp8TD4,<built-in method date of datetime.datetime object at 0x106412d20>
Blue Oyster Cult,Godzilla,kDO648hBwZE,<built-in method date of datetime.datetime object at 0x106412db0>
Breaking Benjamin,Diary of Jane,S19uam2_48g,<built-in method date of datetime.datetime object at 0x106412e40>
Chappell Roan,"Good Luck, Babe!",DjkCfplHxww,<built-in method date of datetime.datetime object at 0x106412ed0>
Chappell Roan,Pink Pony Club,d4L7iymCVHk,<built-in method date of datetime.datetime object at 0x106412f60>
Gerry Rafferty,Baker Street,tsMX_mc2YOM,<built-in method date of datetime.datetime object at 0x106414030>
Gil Scott-Heron,The Revolution Will Not Be Televised,dMoJZobS2kM,<built-in method date of datetime.datetime object at 0x1064140c0>
"Gone Jackals, The",Legacy,Jz-KwErV6DU,<built-in method date of datetime.datetime object at 0x106414150>
Helluva Boss,House of Asmodeus (several singers),Kb8nUTl49F4,<built-in method date of datetime.datetime object at 0x1064141e0>
JVKE,This Is What Falling in Love Feels Like,UGjAkeEM0oA,<built-in method date of datetime.datetime object at 0x106414270>
Kaden MacKay,Passing Through (Can't the Future...),5yRGOHRejO8,<built-in method date of datetime.datetime object at 0x106414300>
Laufey,From the Start,3vCD1mQlDlg,<built-in method date of datetime.datetime object at 0x106414390>
Midnight Oil,Beds Are Burning,vJ1WaVVmfL8,<built-in method date of datetime.datetime object at 0x106414420>
"Neighbourhood, The",Sweater Weather,0k91tvnkmMc,<built-in method date of datetime.datetime object at 0x1064145d0>
Remember Sports,Clean Jeans,WGZbGPOfYds,<built-in method date of datetime.datetime object at 0x106414660>
Neil Diamond,I Am... I Said,NqKO9XckCGg,<built-in method date of datetime.datetime object at 0x106414690>
Olivia Rodrigo,Love Is Embarrassing,FGHVhjHAV0k,<built-in method date of datetime.datetime object at 0x1064146f0>
Remember Sports,I Liked You Best,87uPcAe-zx0,<built-in method date of datetime.datetime object at 0x106414780>
Remember Sports,Saturday,7SVP0RiIg50,<built-in method date of datetime.datetime object at 0x106414810>
Remember Sports,Tiny Planets,34TfM0R4lZ8,<built-in method date of datetime.datetime object at 0x1064148a0>
Rick Derringer,Real American,5IZZoOKAzI8,<built-in method date of datetime.datetime object at 0x106414930>
Saliva,Rest in Pieces,rrDNZA_ENkA,<built-in method date of datetime.datetime object at 0x106414a50>
Sam Smith,Unholy ft. Kim Petras,CNQecEnK26s,<built-in method date of datetime.datetime object at 0x106414b70>
Sia,Chandelier (piano version),qUP5mDujZrE,<built-in method date of datetime.datetime object at 0x106414c00>
"Smiths, The",There Is a Light That Never Goes Out,jkULDIk23KU,<built-in method date of datetime.datetime object at 0x106414c90>
Steven Universe,We Are the Crystal Gems,OoosAVDzT3U,<built-in method date of datetime.datetime object at 0x106414d20>
Tears for Fears,Shout,-pgdNctLVVc,<built-in method date of datetime.datetime object at 0x106414db0>
Tears for Fears,Sowing the Seeds of Love,rR3FNiCZrYg,<built-in method date of datetime.datetime object at 0x106414e40>
Tom Petty and the Heartbreakers,Don't Come Around Here No More,W8UAKcD7x70,<built-in method date of datetime.datetime object at 0x106414ed0>
Twenty One Pilots,Heathens,hYMHaamhiKU,<built-in method date of datetime.datetime object at 0x106414f60>
Twenty One Pilots,Nico and the Niners,Vd_WTH_ZpJg,<built-in method date of datetime.datetime object at 0x106416030>
Twenty One Pilots,Shy Away,Z8F84X71Dgo,<built-in method date of datetime.datetime object at 0x1064160c0>
Twenty One Pilots,Tear in My Heart,sYvfQMhnsnQ,<built-in method date of datetime.datetime object at 0x106416150>
Yellowcard,Ocean Avenue,q-9fMb7Mr1I,<built-in method date of datetime.datetime object at 0x1064161e0>
Italian Folk Music,Bella Ciao,zxaqDcGkT68,<built-in method date of datetime.datetime object at 0x106416300>
Bob Seger,Night Moves,9LZTxUgU1WU,<built-in method date of datetime.datetime object at 0x106416390>
"Proclaimers, The",I'm Gonna Be (500 Miles),UPO2QQ70P3Y,<built-in method date of datetime.datetime object at 0x106416420>
Scatman John,Scatman (Ski-Ba-Bop-Ba-Dop-Bop),Z1zhzAbeNgs,<built-in method date of datetime.datetime object at 0x1064164b0>
Tom Waits,Clap Hands,qtgjOf6qBgg,<built-in method date of datetime.datetime object at 0x1064165d0>
Vanilla Fudge,You Keep Me Hangin' On,WSpqACfTsvA,<built-in method date of datetime.datetime object at 0x106416660>
Wolfe Tones,Come Out Ye Black & Tans,DvjrBg4BtLs,<built-in method date of datetime.datetime object at 0x106416780>
ABBA,Waterloo,wphW2H4ucg4,<built-in method date of datetime.datetime object at 0x106416810>
AFI,Miss Murder,eniwR_fndkw,<built-in method date of datetime.datetime object at 0x1064168a0>
Adriano Celentano,Prisencolinensinainciusol,-Td-kOcglTE,<built-in method date of datetime.datetime object at 0x1064168d0>
AFI,Girl's Not Grey,RClCFFtXPKM,<built-in method date of datetime.datetime object at 0x106416930>
AJJ,Bad Bad Things,lAamDD8Vzvw,<built-in method date of datetime.datetime object at 0x1064169c0>
AJJ,Brave as a Noun & Survival Song,Z8HK6GQQXN0,<built-in method date of datetime.datetime object at 0x106416a50>
AJJ,"People II, The Reckoning",zHxHBDoqyaQ,<built-in method date of datetime.datetime object at 0x106416ae0>
AJJ,Rejoice,upGNnAkL2jQ,<built-in method date of datetime.datetime object at 0x106416b70>
Alien Ant Farm,Smooth Criminal,oYWjvV1vDdA,<built-in method date of datetime.datetime object at 0x106416c00>
"Bombpops, The",CA in July,U67y6NRA1u8,<built-in method date of datetime.datetime object at 0x106416c90>
Cake,War Pigs,1hvcyva1Bv8,<built-in method date of datetime.datetime object at 0x106416d20>
Captain Lou Albano,The Super Mario Bros Super Show Theme,IQTwBagRrk4,<built-in method date of datetime.datetime object at 0x106416db0>
"Cardigans, The",Fine,yJ_J4i1EkFY,<built-in method date of datetime.datetime object at 0x106416e40>
"Cardigans, The",Happy Meal,r648RAYk-2Q,<built-in method date of datetime.datetime object at 0x106416ed0>
"Cardigans, The",My Favourite Game,XuifRLbSdso,<built-in method date of datetime.datetime object at 0x106416f60>
"Cardigans, The",I Need Some Fine Wine and You...,sFyviAlfKHM,<built-in method date of datetime.datetime object at 0x106416f90>
"Cardigans, The",Lovefool,A7gF5FAs6zQ,<built-in method date of datetime.datetime object at 0x106419030>
"Cardigans, The",Rise & Shine,tEnasjV_v3M,<built-in method date of datetime.datetime object at 0x1064190c0>
"Cardigans, The",Sick & Tired,GfFuDriL-9Q,<built-in method date of datetime.datetime object at 0x106419150>
"Chicks, The",Landslide,wE9pTIpP_QM,<built-in method date of datetime.datetime object at 0x1064191e0>
Creed,Higher,ud-5azVRG9E,<built-in method date of datetime.datetime object at 0x106419270>
Creed,My Own Prison,RbqQcmHHyx0,<built-in method date of datetime.datetime object at 0x106419300>
Creed,My Sacrifice,q8NW5NoSN8s,<built-in method date of datetime.datetime object at 0x106419390>
Creed,One Last Breath,5Bnth5PeS8Y,<built-in method date of datetime.datetime object at 0x106419420>
Depeche Mode,Blasphemous Rumours,MwDoo8_jPzA,<built-in method date of datetime.datetime object at 0x1064194b0>
Dolly Parton,9 to 5,OqQz92Od-HU,<built-in method date of datetime.datetime object at 0x106419540>
Eve 6,Inside Out,VSDNgt8YXKI,<built-in method date of datetime.datetime object at 0x1064195d0>
Good Charlotte,My Bloody Valentine (no backing vocals),0fe2DivgkkE,<built-in method date of datetime.datetime object at 0x106419660>
Good Charlotte,My Bloody Valentine (w backing vocals),gpa9zbaxxFg,<built-in method date of datetime.datetime object at 0x1064196f0>
Harvey Danger,Carlotta Valdez,A3VWwilH--A,<built-in method date of datetime.datetime object at 0x106419780>
Harvey Danger,Flagpole Sitta,8mYq6ilaY28,<built-in method date of datetime.datetime object at 0x106419810>
Kid Rock,Picture ft. Sheryl Crow,CPO-Y0nvkYI,<built-in method date of datetime.datetime object at 0x1064198a0>
Marty Robbins,El Paso,YkDzAbeq2mE,<built-in method date of datetime.datetime object at 0x106419930>
Marty Robbins,They're Hanging Me Tonight,ZzTy7dqEgNE,<built-in method date of datetime.datetime object at 0x1064199c0>
Metric,Help I'm Alive,wtwQYHNe1Hc,<built-in method date of datetime.datetime object at 0x106419a50>
Modest Mouse,Dance Hall,ftMudLtrG_g,<built-in method date of datetime.datetime object at 0x106419ae0>
"Mountain Goats, The","Best Ever Death Metal Band in Denton, The",PRhuKMEzc7E,<built-in method date of datetime.datetime object at 0x106419b70>
"Mountain Goats, The",Damn These Vampires,oF_5N2duO-M,<built-in method date of datetime.datetime object at 0x106419c00>
"Mountain Goats, The",Fall of the Star High School Running Back,zWZryvEFj6c,<built-in method date of datetime.datetime object at 0x106419cc0>
"Mountain Goats, The",Foreign Object,trtK0XZxxwg,<built-in method date of datetime.datetime object at 0x106419d20>
"Mountain Goats, The","Mess Inside, The",nFkUvtvdLzo,<built-in method date of datetime.datetime object at 0x106419db0>
"Mountain Goats, The",See America Right,npl_3mj2Pps,<built-in method date of datetime.datetime object at 0x106419e40>
"Mountain Goats, The",No Children (no backing vocals),4a03CjBAABg,<built-in method date of datetime.datetime object at 0x106419e70>
"Mountain Goats, The",No Children (w backing vocals),_Z6MA5nlGXg,<built-in method date of datetime.datetime object at 0x106419ed0>
"Mountain Goats, The",Up the Wolves,9MBO9GlhqaA,<built-in method date of datetime.datetime object at 0x106419f60>
"Mountain Goats, The",Werewolf Gimmick,Hm3n6yiaSy0,<built-in method date of datetime.datetime object at 0x10641b030>
Muse,Hysteria,_JNGZPNmaVk,<built-in method date of datetime.datetime object at 0x10641b0c0>
Muse,Madness,eXG0p_e8qzs,<built-in method date of datetime.datetime object at 0x10641b150>
Muse,Starlight,NuJdcha4imw,<built-in method date of datetime.datetime object at 0x10641b1e0>
Muse,Supermassive Black Hole,PeOgrmDdmOc,<built-in method date of datetime.datetime object at 0x10641b270>
Muse,Undisclosed Desires,dmfeIDn_p48,<built-in method date of datetime.datetime object at 0x10641b300>
Muse,Uprising,8jsDN5Pipj8,<built-in method date of datetime.datetime object at 0x10641b390>
Muse,Will of the People,6M3da3GpxnM,<built-in method date of datetime.datetime object at 0x10641b420>
Nickelback,How You Remind Me,7aMu6SNmBXg,<built-in method date of datetime.datetime object at 0x10641b4b0>
Nickelback,Photograph,qTphCTAUhUg,<built-in method date of datetime.datetime object at 0x10641b540>
Nickelback,Someday,ZquYhvD-vUg,<built-in method date of datetime.datetime object at 0x10641b5d0>
Pat the Bunny,From Here to Utopia,SG57capWDNs,<built-in method date of datetime.datetime object at 0x10641b660>
Pat the Bunny,Your Heart is a Muscle the Size of Your Fist,u5Q1D4Jy16U,<built-in method date of datetime.datetime object at 0x10641b6f0>
Patsy Cline,Crazy,7Qj3rb4dJsM,<built-in method date of datetime.datetime object at 0x10641b780>
Pixies,Hey,Lh_aytGu-60,<built-in method date of datetime.datetime object at 0x10641b810>
Prodigy,Firestarter,CDV4vKJYJFk,<built-in method date of datetime.datetime object at 0x10641b8a0>
Tennessee Ernie Ford,Union Dixie,1io7mEns1kM,<built-in method date of datetime.datetime object at 0x10641b930>
Talking Heads,Once in a Lifetime,UKFD-b1dfJc,<built-in method date of datetime.datetime object at 0x10641b9c0>
"Thermals, The",A Pillar of Salt,4LxWQ7YgvNs,<built-in method date of datetime.datetime object at 0x10641ba50>
"Thermals, The",No Culture Icons,A69hQ4yEEaM,<built-in method date of datetime.datetime object at 0x10641bae0>
"Thermals, The",St. Rosa and the Swallows,P2UCHogiNrU,<built-in method date of datetime.datetime object at 0x10641bb70>
Tom Waits,16 Shells from a Thirty-Ought-Six,mhiEn5wdDyA,<built-in method date of datetime.datetime object at 0x10641bc00>
Tom Waits,Cemetery Polka,5sseUhObbk0,<built-in method date of datetime.datetime object at 0x10641bc90>
Tom Waits,Jockey Full of Bourbon,GZGcc7k0PIw,<built-in method date of datetime.datetime object at 0x10641bd20>
Tom Waits,I Hope That I Don't Fall in Love With You,aCL9NGxf-XY,<built-in method date of datetime.datetime object at 0x10641bdb0>
Tom Waits,"Piano Has Been Drinking, The",blaL3Jp3RxQ,<built-in method date of datetime.datetime object at 0x10641be40>
Tom Waits,Rain Dogs,riZIvOxPNug,<built-in method date of datetime.datetime object at 0x10641bed0>
Twenty One Pilots,Heavydirtysoul,dsczy56MLHY,<built-in method date of datetime.datetime object at 0x10641bf60>
Twenty One Pilots,Ride,QH4ozIW5enc,<built-in method date of datetime.datetime object at 0x10641d030>
Twenty One Pilots,Stressed Out,vfjbwAlr1tY,<built-in method date of datetime.datetime object at 0x10641d0c0>
Weezer,No One Else,E93l-APkjQQ,<built-in method date of datetime.datetime object at 0x10641d150>
Weezer,Susanne,Z1rGFIOYKwI,<built-in method date of datetime.datetime object at 0x10641d1e0>
Weezer,Why Bother,ZaV_KQ8dKus,<built-in method date of datetime.datetime object at 0x10641d270>
Weird Al Yankovic,Yoda,wZOolO6xjvQ,<built-in method date of datetime.datetime object at 0x10641d300>
Yes,Owner of a Lonely Heart,UIaO5lW1rIw,<built-in method date of datetime.datetime object at 0x10641d420>
