"2025-03-13","A-Ha","Take On Me","GK0hisiU6-c","E:/Karaoke/Songs/A-Ha - Take On Me - GK0hisiU6-c.mkv"
"2025-03-13","Alice In Chains","Down in a Hole","SBqnQwPMx1Y","E:/Karaoke/Songs/Alice In Chains - Down in a Hole - SBqnQwPMx1Y.mp4"
"2025-03-13","Aqua","Barbie Girl","W28FCLk0dJo","E:/Karaoke/Songs/Aqua - Barbie Girl - W28FCLk0dJo.mkv"
"2025-03-13","Aqua","Barbie Girl (Duet)","ozn8o U2sE4","E:/Karaoke/Songs/Aqua - Barbie Girl (Duet) - ozn8o_U2sE4.mkv"
"2025-03-13","Armed, The","Where Man Knows Want","OHN1hzc9MDg","E:/Karaoke/Songs/Armed, The - Where Man Knows Want - OHN1hzc9MDg.mkv"
"2025-03-13","Edith Piaf","La Vie en Rose","4c4myH5kbo0","E:/Karaoke/Songs/Edith Piaf - La Vie en Rose - 4c4myH5kbo0.mkv"
"2025-03-13","Jack Stauber","Peppermint (Duet, abbr.)","67onZapdCaw","E:/Karaoke/Songs/Jack Stauber - Peppermint (Duet, abbr.) - 67onZapdCaw.mkv"
"2025-03-13","Nine Inch Nails","Right Where It Belongs","0UFE7B2Fkcw","E:/Karaoke/Songs/Nine Inch Nails - Right Where It Belongs - 0UFE7B2Fkcw.mkv"
"2025-03-13","Right Said Fred","I'm Too Sexy","qZxUDyMTrzY","E:/Karaoke/Songs/Right Said Fred - I'm Too Sexy - qZxUDyMTrzY.mkv"
"2025-03-13","Alvvays","Archie, Marry Me","ZgTv7XGEMig","E:/Karaoke/Songs/Alvvays - Archie, Marry Me - ZgTv7XGEMig.mkv"
"2025-03-13","Armed, The","AN ITERATION","n3fWSAZzgaY","E:/Karaoke/Songs/Armed, The - AN ITERATION - n3fWSAZzgaY.mkv"
"2025-03-13","Billy Ray Cyrus","Achy Breaky Heart","QIRrJlwFMHg","E:/Karaoke/Songs/Billy Ray Cyrus - Achy Breaky Heart - QIRrJlwFMHg.mkv"
"2025-03-13","CAKE","Satan Is My Motor","2d9-GV35Wjo","E:/Karaoke/Songs/CAKE - Satan Is My Motor - 2d9-GV35Wjo.mkv"
"2025-03-13","Doja Cat","Say So","Bl2AbaX85mw","E:/Karaoke/Songs/Doja Cat - Say So - Bl2AbaX85mw.mkv"
"2025-03-13","Doja Cat","Tia Tamera ft. Rico Nasty","hLGnZilWKnQ","E:/Karaoke/Songs/Doja Cat - Tia Tamera ft. Rico Nasty - hLGnZilWKnQ.mp4"
"2025-03-13","Faye Webster","Kingston","VXQCdjGiw1U","E:/Karaoke/Songs/Faye Webster - Kingston - VXQCdjGiw1U.mkv"
"2025-03-13","Frank Ocean","Pink + White","UCAH9fX6Iwg","E:/Karaoke/Songs/Frank Ocean - Pink + White - UCAH9fX6Iwg.mkv"
"2025-03-13","Julia Jacklin","Someday","JpAs7f3pglo","E:/Karaoke/Songs/Julia Jacklin - Someday - JpAs7f3pglo.mkv"
"2025-03-13","Lady Gaga","Paparazzi","nsWuCsBHhMY","E:/Karaoke/Songs/Lady Gaga - Paparazzi - nsWuCsBHhMY.mkv"
"2025-03-13","Marcy Playground","Sex and Candy","EBImUtdKhnw","E:/Karaoke/Songs/Marcy Playground - Sex and Candy - EBImUtdKhnw.mkv"
"2025-03-13","Mars Volta, The","L'Via L'Viaquez","hD4XZuIObQc","E:/Karaoke/Songs/Mars Volta, The - L'Via L'Viaquez - hD4XZuIObQc.mkv"
"2025-03-13","Mars Volta, The","Son et Lumi�re & Inertiatic ESP","HlbKh7rVkzk","E:/Karaoke/Songs/Mars Volta, The - Son et Lumi�re & Inertiatic ESP - HlbKh7rVkzk.mkv"
"2025-03-13","Mars Volta, The","The Widow","VULAvpu7FOQ","E:/Karaoke/Songs/Mars Volta, The - The Widow - VULAvpu7FOQ.mkv"
"2025-03-13","Metric","Black Sheep","VplDWXSHiEs","E:/Karaoke/Songs/Metric - Black Sheep - VplDWXSHiEs.mkv"
"2025-03-13","Neon Genesis Evangelion","Zankoku na Tenshi no Teze (Main Theme)","kfREg0i6eOM","E:/Karaoke/Songs/Neon Genesis Evangelion - Zankoku na Tenshi no Teze (Main Theme) - kfREg0i6eOM.mkv"
"2025-03-13","Phoebe Bridgers","Kyoto","Nu2TZ3jGK U","E:/Karaoke/Songs/Phoebe Bridgers - Kyoto - Nu2TZ3jGK_U.mkv"
"2025-03-13","Postal Service, The","Nothing Better (Duet)","aET4quuzPPM","E:/Karaoke/Songs/Postal Service, The - Nothing Better (Duet) - aET4quuzPPM.mkv"
"2025-03-13","Postal Service, The","Such Great Heights","kQmHUruKaUw","E:/Karaoke/Songs/Postal Service, The - Such Great Heights - kQmHUruKaUw.mkv"
"2025-03-13","SAMIA","Someone Tell the Boys","lZs2T-Z58gA","E:/Karaoke/Songs/SAMIA - Someone Tell the Boys - lZs2T-Z58gA.mkv"
"2025-03-13","Saweetie","Best Friend ft. Doja Cat","LjGf1vVIPis","E:/Karaoke/Songs/Saweetie - Best Friend ft. Doja Cat - LjGf1vVIPis.mp4"
"2025-03-13","Shins, The","Gone for Good","HA69WyJhKp4","E:/Karaoke/Songs/Shins, The - Gone for Good - HA69WyJhKp4.mkv"
"2025-03-13","Trapt","HeadStrong","oTSru9yYVH8","E:/Karaoke/Songs/Trapt - HeadStrong - oTSru9yYVH8.mkv"
"2025-03-13","Unicorns, The","I Was Born a Unicorn","orzqL3Y7Kck","E:/Karaoke/Songs/Unicorns, The - I Was Born a Unicorn - orzqL3Y7Kck.mkv"
"2025-02-27","Korn","Another Brick in the Wall","3RFmrY Seks","E:/Karaoke/Songs/Korn - Another Brick in the Wall - 3RFmrY_Seks.mkv"
"2025-02-27","Sonic Adventure 2","Escape from the City","5bjULQizgfw","E:/Karaoke/Songs/Sonic Adventure 2 - Escape from the City - 5bjULQizgfw.mp4"
"2025-02-27","Sonic Adventure","Believe in Myself (Tails' Theme)","JDlQARZS31Y","E:/Karaoke/Songs/Sonic Adventure - Believe in Myself (Tails' Theme) - JDlQARZS31Y.mkv"
"2025-02-27","Sonic Adventure","It Doesn't Matter (Sonic's Theme)","G2nte pmPQE","E:/Karaoke/Songs/Sonic Adventure - It Doesn't Matter (Sonic's Theme) - G2nte_pmPQE.mkv"
"2025-02-27","Sonic Adventure","Lazy Days (Duet) (Big's Theme)","eYHWFFGHilI","E:/Karaoke/Songs/Sonic Adventure - Lazy Days (Duet) (Big's Theme) - eYHWFFGHilI.mkv"
"2025-02-27","Sonic Adventure","My Sweet Passion (Amy's Theme)","V27E3gYrnXQ","E:/Karaoke/Songs/Sonic Adventure - My Sweet Passion (Amy's Theme) - V27E3gYrnXQ.mkv"
"2025-02-27","Sonic Adventure","Open Your Heart (Main Theme)","IYW SCSKJXw","E:/Karaoke/Songs/Sonic Adventure - Open Your Heart (Main Theme) - IYW_SCSKJXw.mkv"
"2025-02-27","Sonic Adventure","Unknown from M.E. (Knuckles' Theme)","16P-TFAEutU","E:/Karaoke/Songs/Sonic Adventure - Unknown from M.E. (Knuckles' Theme) - 16P-TFAEutU.mkv"
"2025-02-27","Sonic Adventure 2","Believe in Myself (Tails' Theme)","rM5gnVG8DbQ","E:/Karaoke/Songs/Sonic Adventure 2 - Believe in Myself (Tails' Theme) - rM5gnVG8DbQ.mkv"
"2025-02-27","Sonic Adventure 2","E.G.G.M.A.N. (Eggman's Theme)","7AJX9N0ZzaY","E:/Karaoke/Songs/Sonic Adventure 2 - E.G.G.M.A.N. (Eggman's Theme) - 7AJX9N0ZzaY.mkv"
"2025-02-27","Sonic Adventure 2","Fly in the Freedom (Rouge's Theme)","XmUB3KG RIQ","E:/Karaoke/Songs/Sonic Adventure 2 - Fly in the Freedom (Rouge's Theme) - XmUB3KG_RIQ.mkv"
"2025-02-27","Sonic Adventure 2","It Doesn't Matter (Sonic's Theme)","hUcir7t MIs","E:/Karaoke/Songs/Sonic Adventure 2 - It Doesn't Matter (Sonic's Theme) - hUcir7t_MIs.mkv"
"2025-02-27","Sonic Adventure 2","Live & Learn (Main Theme)","ozaYTjYygzc","E:/Karaoke/Songs/Sonic Adventure 2 - Live & Learn (Main Theme) - ozaYTjYygzc.mkv"
"2025-02-27","Sonic Adventure 2","Supporting Me (Biolizard's Theme)","wObdxUwInIg","E:/Karaoke/Songs/Sonic Adventure 2 - Supporting Me (Biolizard's Theme) - wObdxUwInIg.mkv"
"2025-02-27","Sonic Adventure 2","Throw It All Away (Shadow's Theme)","zfOuMz15wxg","E:/Karaoke/Songs/Sonic Adventure 2 - Throw It All Away (Shadow's Theme) - zfOuMz15wxg.mkv"
"2025-02-27","Sonic Adventure 2","Unknown from M.E. (Knuckles' Theme)","vD3mXoZLH0s","E:/Karaoke/Songs/Sonic Adventure 2 - Unknown from M.E. (Knuckles' Theme) - vD3mXoZLH0s.mkv"
"2025-02-27","Big Data","Dangerous ft. Joywave","Az5ClEj9eiY","E:/Karaoke/Songs/Big Data - Dangerous ft. Joywave - Az5ClEj9eiY.mkv"
"2025-02-27","Limp Bizkit","Behind Blue Eyes","B0lyg3DPeqI","E:/Karaoke/Songs/Limp Bizkit - Behind Blue Eyes - B0lyg3DPeqI.mkv"
"2025-02-27","Puddle of Mudd","Blurry","nzUt8H3lcqg","E:/Karaoke/Songs/Puddle of Mudd - Blurry - nzUt8H3lcqg.mkv"
"2025-02-27","Radiohead","How to Disappear Completely","gRVO2CeOTOE","E:/Karaoke/Songs/Radiohead - How to Disappear Completely - gRVO2CeOTOE.mkv"
"2025-02-27","Radiohead","In Limbo","y0MeKjbx3ns","E:/Karaoke/Songs/Radiohead - In Limbo - y0MeKjbx3ns.mkv"
"2025-02-27","Butthole Surfers","Pepper","0vtXdXRtxAM","E:/Karaoke/Songs/Butthole Surfers - Pepper - 0vtXdXRtxAM.mkv"
"2025-02-27","FIFTY FIFTY","Cupid (Twin version, Sped up)","69hoU1OdJjQ","E:/Karaoke/Songs/FIFTY FIFTY - Cupid (Twin version, Sped up) - 69hoU1OdJjQ.mkv"
"2025-02-27","Puddle of Mudd","She Hates Me","ZNfNc3W8m6A","E:/Karaoke/Songs/Puddle of Mudd - She Hates Me - ZNfNc3W8m6A.mkv"
"2025-02-27","Staind","It's Been Awhile","fMMCdBJS Bs","E:/Karaoke/Songs/Staind - It's Been Awhile - fMMCdBJS_Bs.mkv"
"2025-02-27","Tears for Fears","Change","E9LvUNKl1KU","E:/Karaoke/Songs/Tears for Fears - Change - E9LvUNKl1KU.mkv"
"2025-02-27","Trapt","Headstrong","oTSru9yYVH8","E:/Karaoke/Songs/Trapt - Headstrong - oTSru9yYVH8.mkv"
"2025-02-27","Ween","Transdermal Celebration","waAomUNzHgs","E:/Karaoke/Songs/Ween - Transdermal Celebration - waAomUNzHgs.mkv"
"2025-02-27","Ween","Your Party","22Okf1eWm4I","E:/Karaoke/Songs/Ween - Your Party - 22Okf1eWm4I.mkv"
"2024-11-21","A Day to Remember","Since U Been Gone","v8OByNS0H-A","E:/Karaoke/Songs/A Day to Remember - Since U Been Gone - v8OByNS0H-A.mkv"
"2024-11-21","Alice in Chains","Down In A Hole","SBqnQwPMx1Y","E:/Karaoke/Songs/Alice in Chains - Down In A Hole - SBqnQwPMx1Y.mp4"
"2024-11-21","Alice in Chains","I Stay Away (no backing vocals)","Xi4HCBaVr6s","E:/Karaoke/Songs/Alice in Chains - I Stay Away (no backing vocals) - Xi4HCBaVr6s.mp4"
"2024-11-21","Alice in Chains","I Stay Away (w backing vocals)","vOGzcX_FBJw","E:/Karaoke/Songs/Alice in Chains - I Stay Away (w backing vocals) - vOGzcX_FBJw.mp4"
"2024-11-21","Alice in Chains","Man in the Box","S4Y9Z0-F8q4","E:/Karaoke/Songs/Alice in Chains - Man in the Box - S4Y9Z0-F8q4.mp4"
"2024-11-21","Alice in Chains","Rooster","7-kiOBGtQ8A","E:/Karaoke/Songs/Alice in Chains - Rooster - 7-kiOBGtQ8A.mp4"
"2024-11-21","Alice in Chains","Would","O__gNwK70y8","E:/Karaoke/Songs/Alice in Chains - Would - O__gNwK70y8.mp4"
"2024-11-21","Audioslave","I Am the Highway","RBx5LTWTpeY","E:/Karaoke/Songs/Audioslave - I Am the Highway - RBx5LTWTpeY.mkv"
"2024-11-21","Audioslave","Show Me How to Live","SNvTfkFkmg8","E:/Karaoke/Songs/Audioslave - Show Me How to Live - SNvTfkFkmg8.mp4"
"2024-11-21","Bad Omens","Like a Villain","58raSIFlrII","E:/Karaoke/Songs/Bad Omens - Like a Villain - 58raSIFlrII.mkv"
"2024-11-21","Bad Omens","The Death of Peace of Mind","EYugkXp8TD4","E:/Karaoke/Songs/Bad Omens - The Death of Peace of Mind - EYugkXp8TD4.mkv"
"2024-11-21","Blue Oyster Cult","Godzilla","kDO648hBwZE","E:/Karaoke/Songs/Blue Oyster Cult - Godzilla - kDO648hBwZE.mp4"
"2024-11-21","Breaking Benjamin","Diary of Jane","S19uam2 48g","E:/Karaoke/Songs/Breaking Benjamin - Diary of Jane - S19uam2_48g.mp4"
"2024-11-21","Chappell Roan","Good Luck, Babe!","DjkCfplHxww","E:/Karaoke/Songs/Chappell Roan - Good Luck, Babe! - DjkCfplHxww.mp4"
"2024-11-21","Chappell Roan","Pink Pony Club","d4L7iymCVHk","E:/Karaoke/Songs/Chappell Roan - Pink Pony Club - d4L7iymCVHk.mp4"
"2024-11-21","Chappell Roan","Red Wine Supernova","h9iOmGY0zRM","E:/Karaoke/Songs/Chappell Roan - Red Wine Supernova - h9iOmGY0zRM.mp4"
"2024-11-21","Chevelle","The Red","ASdMdGH2rVI","E:/Karaoke/Songs/Chevelle - The Red - ASdMdGH2rVI.mkv"
"2024-11-21","Darkness, The","I Believe in a Thing Called Love","g mMdLr2RSE","E:/Karaoke/Songs/Darkness, The - I Believe in a Thing Called Love - g_mMdLr2RSE.mkv"
"2024-11-21","Evanescence","Bring Me to Life","frpfRwGv6KU","E:/Karaoke/Songs/Evanescence - Bring Me to Life - frpfRwGv6KU.mkv"
"2024-11-21","Evanescence","Everybody's Fool","kzAre14LqGI","E:/Karaoke/Songs/Evanescence - Everybody's Fool - kzAre14LqGI.mp4"
"2024-11-21","Evanescence","Going Under","hmgPwlcQHHg","E:/Karaoke/Songs/Evanescence - Going Under - hmgPwlcQHHg.mkv"
"2024-11-21","Evanescence","Lithium","dFq7PxiKCj8","E:/Karaoke/Songs/Evanescence - Lithium - dFq7PxiKCj8.mp4"
"2024-11-21","Frozen","Let It Go","ifCAfAzOBJM","E:/Karaoke/Songs/Frozen - Let It Go - ifCAfAzOBJM.mkv"
"2024-11-21","Hercules","I Won't Say (I'm In Love)","QJmL664nLhA","E:/Karaoke/Songs/Hercules - I Won't Say (I'm In Love) - QJmL664nLhA.mkv"
"2024-11-21","Hozier","Movement","eLmQdlz4jwI","E:/Karaoke/Songs/Hozier - Movement - eLmQdlz4jwI.mkv"
"2024-11-21","Hozier","Someone New","9lXGUYe4osQ","E:/Karaoke/Songs/Hozier - Someone New - 9lXGUYe4osQ.mkv"
"2024-11-21","Incubus","Anna Molly","fB1sEcCynkE","E:/Karaoke/Songs/Incubus - Anna Molly - fB1sEcCynkE.mkv"
"2024-11-21","Incubus","Dig","jyN 1P4VG6U","E:/Karaoke/Songs/Incubus - Dig - jyN_1P4VG6U.mkv"
"2024-11-21","Incubus","Love Hurts","ZEts2sOpzro","E:/Karaoke/Songs/Incubus - Love Hurts - ZEts2sOpzro.mkv"
"2024-11-21","Incubus","Pardon Me","aB-CPShxMBk","E:/Karaoke/Songs/Incubus - Pardon Me - aB-CPShxMBk.mkv"
"2024-11-21","Incubus","Stellar","5FIZMAAD9VQ","E:/Karaoke/Songs/Incubus - Stellar - 5FIZMAAD9VQ.mkv"
"2024-11-21","Jax","Victoria's Secret"," RD5Yf3Vu6Q","E:/Karaoke/Songs/Jax - Victoria's Secret - _RD5Yf3Vu6Q.mkv"
"2024-11-21","Killers, The","Glamorous Indie Rock & Roll","1b6ibQJaZwY","E:/Karaoke/Songs/Killers, The - Glamorous Indie Rock & Roll - 1b6ibQJaZwY.mkv"
"2024-11-21","Linkin Park","In the End","uIcmAyAJ5hE","E:/Karaoke/Songs/Linkin Park - In the End - uIcmAyAJ5hE.mkv"
"2024-11-21","Linkin Park","Numb","umUTLZ06Gsw","E:/Karaoke/Songs/Linkin Park - Numb - umUTLZ06Gsw.mkv"
"2024-11-21","Nine Inch Nails","Only","qYmNBRV1-PE","E:/Karaoke/Songs/Nine Inch Nails - Only - qYmNBRV1-PE.mkv"
"2024-11-21","Nine Inch Nails","Something I Can Never Have","7NgfqVMp2yQ","E:/Karaoke/Songs/Nine Inch Nails - Something I Can Never Have - 7NgfqVMp2yQ.mkv"
"2024-11-21","Paramore","All I Wanted","sOtdXKWtHyo","E:/Karaoke/Songs/Paramore - All I Wanted - sOtdXKWtHyo.mkv"
"2024-11-21","Puscifer","Potions","08LyYJGByAA","E:/Karaoke/Songs/Puscifer - Potions - 08LyYJGByAA.mkv"
"2024-11-21","Puscifer","Rev 22 20","i6UwExrlI2A","E:/Karaoke/Songs/Puscifer - Rev 22 20 - i6UwExrlI2A.mkv"
"2024-11-21","Queen","I'm Going Slightly Mad","-ZQcFdhSMtw","E:/Karaoke/Songs/Queen - I'm Going Slightly Mad - -ZQcFdhSMtw.mkv"
"2024-11-21","Rihanna","Umbrella (No Rap)","ra3UzdpfoBg","E:/Karaoke/Songs/Rihanna - Umbrella (No Rap) - ra3UzdpfoBg.mkv"
"2024-11-21","Rihanna","Umbrella ft. Jay-Z","xgLuhXNrUz8","E:/Karaoke/Songs/Rihanna - Umbrella ft. Jay-Z - xgLuhXNrUz8.mp4"
"2024-11-21","Say Anything","Alive with the Glory of Love","fDCtFP5sKNg","E:/Karaoke/Songs/Say Anything - Alive with the Glory of Love - fDCtFP5sKNg.mkv"
"2024-11-21","Sixpence None the Richer","There She Goes","iWBfUT UK-I","E:/Karaoke/Songs/Sixpence None the Richer - There She Goes - iWBfUT_UK-I.mkv"
"2024-11-21","Slipknot","Before I Forget","MmsRaJNzNKE","E:/Karaoke/Songs/Slipknot - Before I Forget - MmsRaJNzNKE.mkv"
"2024-11-21","Slipknot","Duality","OfWFfthYuW0","E:/Karaoke/Songs/Slipknot - Duality - OfWFfthYuW0.mkv"
"2024-11-21","Slipknot","Snuff","t5dek0BpmXo","E:/Karaoke/Songs/Slipknot - Snuff - t5dek0BpmXo.mkv"
"2024-11-21","Slipknot","Vermillion, Pt. 2","4uDNHsdLgpI","E:/Karaoke/Songs/Slipknot - Vermillion, Pt. 2 - 4uDNHsdLgpI.mkv"
"2024-11-21","Slipknot","Wait and Bleed","NTC3cMGpJ-I","E:/Karaoke/Songs/Slipknot - Wait and Bleed - NTC3cMGpJ-I.mkv"
"2024-11-21","Smashing Pumpkins, The","Bullet with Butterfly Wings","NdqZQERua I","E:/Karaoke/Songs/Smashing Pumpkins, The - Bullet with Butterfly Wings - NdqZQERua_I.mkv"
"2024-11-21","Smashing Pumpkins, The","Today","uhQ-g3yH52M","E:/Karaoke/Songs/Smashing Pumpkins, The - Today - uhQ-g3yH52M.mkv"
"2024-11-21","Smashing Pumpkins, The","Tonight, Tonight","RYmTacXZ6EM","E:/Karaoke/Songs/Smashing Pumpkins, The - Tonight, Tonight - RYmTacXZ6EM.mkv"
"2024-11-21","Smashing Pumpkins, The","Zero","p2O74jis-Ys","E:/Karaoke/Songs/Smashing Pumpkins, The - Zero - p2O74jis-Ys.mkv"
"2024-11-21","Steven Universe","Do It for Her (Duet)","xfTd-7CuWKc","E:/Karaoke/Songs/Steven Universe - Do It for Her (Duet) - xfTd-7CuWKc.mkv"
"2024-11-21","Steven Universe","Giant Woman","LPnje5jLyX8","E:/Karaoke/Songs/Steven Universe - Giant Woman - LPnje5jLyX8.mkv"
"2024-11-21","Steven Universe","Something Entirely New (Duet)","SwqEnLTpiMM","E:/Karaoke/Songs/Steven Universe - Something Entirely New (Duet) - SwqEnLTpiMM.mp4"
"2024-11-21","Strokes, The","Last Nite","eYjsYelPAco","E:/Karaoke/Songs/Strokes, The - Last Nite - eYjsYelPAco.mkv"
"2024-11-21","System of a Down","Toxicity","TXenLQdECkM","E:/Karaoke/Songs/System of a Down - Toxicity - TXenLQdECkM.mkv"
"2024-11-21","System of a Down","Violent Pornography"," GAHYn-cjJk","E:/Karaoke/Songs/System of a Down - Violent Pornography - _GAHYn-cjJk.mkv"
"2024-11-21","Tool","Sober","n3riqiLQb9U","E:/Karaoke/Songs/Tool - Sober - n3riqiLQb9U.mkv"
"2024-11-21","Tool","Stinkfist","Qz5ckGJJFhQ","E:/Karaoke/Songs/Tool - Stinkfist - Qz5ckGJJFhQ.mkv"
"2024-11-21","Wicked","Defying Gravity"," ce778S 3iI","E:/Karaoke/Songs/Wicked - Defying Gravity - _ce778S_3iI.mkv"
"2024-11-21","Alkaline Trio","This Could Be Love","AKZ-LRXOUVs","E:/Karaoke/Songs/Alkaline Trio - This Could Be Love - AKZ-LRXOUVs.mkv"
"2024-11-21","Blackbear","Hot Girl Bummer","NfGSgwfgUik","E:/Karaoke/Songs/Blackbear - Hot Girl Bummer - NfGSgwfgUik.mkv"
"2024-11-21","Datarock","Amarillion","h3vVM9LJp0E","E:/Karaoke/Songs/Datarock - Amarillion - h3vVM9LJp0E.mp4"
"2024-11-21","Gims","Bella","Udvca55Raf0","E:/Karaoke/Songs/Gims - Bella - Udvca55Raf0.mkv"
"2024-11-21","Gims","Cam�l�on"," NJZRDmXCAk","E:/Karaoke/Songs/Gims - Cam�l�on - _NJZRDmXCAk.mp4"
"2024-11-21","Gims","Est-ce Que Tu M'aimes","K1iANopVspc","E:/Karaoke/Songs/Gims - Est-ce Que Tu M'aimes - K1iANopVspc.mp4"
"2024-11-21","MIKA","Elle Me Dit","gL7hhM0Qx6Q","E:/Karaoke/Songs/MIKA - Elle Me Dit - gL7hhM0Qx6Q.mkv"
"2024-11-21","Rihanna","Umbrella (no rap)","ra3UzdpfoBg","E:/Karaoke/Songs/Rihanna - Umbrella (no rap) - ra3UzdpfoBg.mkv"
"2024-11-21","Stromae","Alors On Danse","p1fzVQ6yzU0","E:/Karaoke/Songs/Stromae - Alors On Danse - p1fzVQ6yzU0.mp4"
"2024-11-21","Stromae","Carmen","6p7cIkheLag","E:/Karaoke/Songs/Stromae - Carmen - 6p7cIkheLag.mp4"
"2024-11-21","Stromae","Formidable","nf2AEzMwYFM","E:/Karaoke/Songs/Stromae - Formidable - nf2AEzMwYFM.mp4"
"2024-11-21","Stromae","Papaoutai","CUO2UTYy2Oo","E:/Karaoke/Songs/Stromae - Papaoutai - CUO2UTYy2Oo.mp4"
"2024-10-17","Adam and the Ants","Stand and Deliver","FdkOPfTmj3c","E:/Karaoke/Songs/Adam and the Ants - Stand and Deliver - FdkOPfTmj3c.mkv"
"2024-10-17","Amigo the Devil","Murder at the Bingo Hall","EDHoSj-YDps","E:/Karaoke/Songs/Amigo the Devil - Murder at the Bingo Hall - EDHoSj-YDps.mkv"
"2024-10-17","Black Sabbath","Heaven and Hell","8AJjXNYrFHA","E:/Karaoke/Songs/Black Sabbath - Heaven and Hell - 8AJjXNYrFHA.mkv"
"2024-10-17","British Sea Power","The Smallest Church in Saint-Sa�ns","E3UUFd_gTv0","E:/Karaoke/Songs/British Sea Power - The Smallest Church in Saint-Sa�ns - E3UUFd_gTv0.mkv"
"2024-10-17","Bruce Springsteen","The Ghost of Tom Joad","yx9AtcQWXVg","E:/Karaoke/Songs/Bruce Springsteen - The Ghost of Tom Joad - yx9AtcQWXVg.mp4"
"2024-10-17","Cage the Elephant","Ain't No Rest for the Wicked","0su6Ovfbetk","E:/Karaoke/Songs/Cage the Elephant - Ain't No Rest for the Wicked - 0su6Ovfbetk.mp4"
"2024-10-17","Change","Tears for Fears","E9LvUNKl1KU","E:/Karaoke/Songs/Change - Tears for Fears - E9LvUNKl1KU.mkv"
"2024-10-17","Childish Gambino","Redbone (Clean)","yM0VA66F7CQ","E:/Karaoke/Songs/Childish Gambino - Redbone (Clean) - yM0VA66F7CQ.mkv"
"2024-10-17","Crane Wives, The","Curses","VH79fXG5BL4","E:/Karaoke/Songs/Crane Wives, The - Curses - VH79fXG5BL4.mkv"
"2024-10-17","Cure, The","The Lovecats","CcB7-bjWXEU","E:/Karaoke/Songs/Cure, The - The Lovecats - CcB7-bjWXEU.mkv"
"2024-10-17","Cutting Crew","(I Just) Died in Your Arms","uLbdaJaokuc","E:/Karaoke/Songs/Cutting Crew - (I Just) Died in Your Arms - uLbdaJaokuc.mkv"
"2024-10-17","David Bowie","Lady Stardust","9QLQ3-iL8j0","E:/Karaoke/Songs/David Bowie - Lady Stardust - 9QLQ3-iL8j0.mkv"
"2024-10-17","David Bowie","Rock 'n' Roll With Me","AAbtMuIb7XA","E:/Karaoke/Songs/David Bowie - Rock 'n' Roll With Me - AAbtMuIb7XA.mp4"
"2024-10-17","Decemberists, The","Here I Dreamt I Was an Architect","mxJppHMe7yQ","E:/Karaoke/Songs/Decemberists, The - Here I Dreamt I Was an Architect - mxJppHMe7yQ.mkv"
"2024-10-17","Decemberists, The","O Valencia!","6jZDyBh0eUQ","E:/Karaoke/Songs/Decemberists, The - O Valencia! - 6jZDyBh0eUQ.mkv"
"2024-10-17","Decemberists, The","The Chimbley Sweep","-4E1oIUIEuI","E:/Karaoke/Songs/Decemberists, The - The Chimbley Sweep - -4E1oIUIEuI.mp4"
"2024-10-17","Decemberists, The","The Legionnaire's Lament","aDsA2EXVV4k","E:/Karaoke/Songs/Decemberists, The - The Legionnaire's Lament - aDsA2EXVV4k.mkv"
"2024-10-17","Decemberists, The","Yankee Bayonet (I Will Be Home Then)","IFK57PekHqk","E:/Karaoke/Songs/Decemberists, The - Yankee Bayonet (I Will Be Home Then) - IFK57PekHqk.mkv"
"2024-10-17","Eurythmics","Sweet Dreams (Are Made of This) (Remix)","-f0Zqxmfm1o","E:/Karaoke/Songs/Eurythmics - Sweet Dreams (Are Made of This) (Remix) - -f0Zqxmfm1o.mkv"
"2024-10-17","Everything Everything","Cold Reactor","w4gyA9MlWao","E:/Karaoke/Songs/Everything Everything - Cold Reactor - w4gyA9MlWao.mkv"
"2024-10-17","Gnarls Barkley","Crazy","ekPbSYMtU6o","E:/Karaoke/Songs/Gnarls Barkley - Crazy - ekPbSYMtU6o.mkv"
"2024-10-17","Gnarls Barkley","Smiley Faces","zCmThy5wWeg","E:/Karaoke/Songs/Gnarls Barkley - Smiley Faces - zCmThy5wWeg.mkv"
"2024-10-17","Janelle Mon�e","Electric Lady","DBDEjIxCrnQ","E:/Karaoke/Songs/Janelle Mon�e - Electric Lady - DBDEjIxCrnQ.mkv"
"2024-10-17","Lemon Demon","Touch-Tone Telephone","XCzVjPsaJpk","E:/Karaoke/Songs/Lemon Demon - Touch-Tone Telephone - XCzVjPsaJpk.mkv"
"2024-10-17","Lord Huron","Vide Noir","TxWr4rkQIUc","E:/Karaoke/Songs/Lord Huron - Vide Noir - TxWr4rkQIUc.mkv"
"2024-10-17","Lord Huron","When the Night Is Over","GMtguv0QI k","E:/Karaoke/Songs/Lord Huron - When the Night Is Over - GMtguv0QI_k.mkv"
"2024-10-17","Miike Snow","Genghis Khan","Zu5g1VNjkQ8","E:/Karaoke/Songs/Miike Snow - Genghis Khan - Zu5g1VNjkQ8.mp4"
"2024-10-17","Nemo","The Code","GwBkAipkRUY","E:/Karaoke/Songs/Nemo - The Code - GwBkAipkRUY.mp4"
"2024-10-17","New Order","Hey Now What You Doing","ukebJ3o9144","E:/Karaoke/Songs/New Order - Hey Now What You Doing - ukebJ3o9144.mkv"
"2024-10-17","New Order","Temptation","nMZi83WoD2c","E:/Karaoke/Songs/New Order - Temptation - nMZi83WoD2c.mkv"
"2024-10-17","Police, The","King of Pain","ySEkLJU4G04","E:/Karaoke/Songs/Police, The - King of Pain - ySEkLJU4G04.mp4"
"2024-10-17","Police, The","Synchronicity II","uK2zkOfcQyk","E:/Karaoke/Songs/Police, The - Synchronicity II - uK2zkOfcQyk.mkv"
"2024-10-17","Police, The","Wrapped Around Your Finger","wNC4a-I-ic8","E:/Karaoke/Songs/Police, The - Wrapped Around Your Finger - wNC4a-I-ic8.mp4"
"2024-10-17","Revivalists, The","Wish I Knew You","jkE0LehXml0","E:/Karaoke/Songs/Revivalists, The - Wish I Knew You - jkE0LehXml0.mkv"
"2024-10-17","Sting","The Soul Cages","fRzGGhGocNI","E:/Karaoke/Songs/Sting - The Soul Cages - fRzGGhGocNI.mp4"
"2024-10-17","Talking Heads","This Must Be The Place (Naive Melody)","ZMP2kb7SgXE","E:/Karaoke/Songs/Talking Heads - This Must Be The Place (Naive Melody) - ZMP2kb7SgXE.mkv"
"2024-10-17","Trans-Siberian Orchestra","What Is Eternal","KIf0bN7PmXo","E:/Karaoke/Songs/Trans-Siberian Orchestra - What Is Eternal - KIf0bN7PmXo.mp4"
"2024-10-17","Type O Negative","Love You to Death","qhtfW7S76RQ","E:/Karaoke/Songs/Type O Negative - Love You to Death - qhtfW7S76RQ.mkv"
"2024-10-17","ZZ Ward","Til The Casket Drops","7Pdv5hWhf0U","E:/Karaoke/Songs/ZZ Ward - Til The Casket Drops - 7Pdv5hWhf0U.mkv"
"2024-10-17","Crazy World of Arthur Brown, The","Fire","573mpEzsmhM","E:/Karaoke/Songs/Crazy World of Arthur Brown, The - Fire - 573mpEzsmhM.mkv"
"2024-10-17","Cardigans, The & Tom Jones","Burning Down the House (Duet)","EByXYdGhAHo","E:/Karaoke/Songs/Cardigans, The & Tom Jones - Burning Down the House (Duet) - EByXYdGhAHo.mkv"
"2024-10-17","Gotye ft. Kimbra","Somebody That I Used To Know","7zYoDiWvwN4","E:/Karaoke/Songs/Gotye ft. Kimbra - Somebody That I Used To Know - 7zYoDiWvwN4.mkv"
"2024-10-17","Gotye ft. Kimbra","Somebody That I Used To Know (Duet)","Zxll-M2ULMI","E:/Karaoke/Songs/Gotye ft. Kimbra - Somebody That I Used To Know (Duet) - Zxll-M2ULMI.mkv"
"2024-10-17","LCD Soundsystem","New York, I Love You But You're Bringing...","3ytAUwJlMsk","E:/Karaoke/Songs/LCD Soundsystem - New York, I Love You But You're Bringing... - 3ytAUwJlMsk.mkv"
"2024-10-17","April Smith and the Great Picture Show","Dixie Boy","gm0Ta7t2p6c","E:/Karaoke/Songs/April Smith and the Great Picture Show - Dixie Boy - gm0Ta7t2p6c.mkv"
"2024-10-17","Kid Rock","Picture ft. Sheryl Crow (Duet)","tuP6LczqLR4","E:/Karaoke/Songs/Kid Rock - Picture ft. Sheryl Crow (Duet) - tuP6LczqLR4.mkv"
"2024-10-17","Kim Petras","There Will Be Blood","jkffV6VNfbA","E:/Karaoke/Songs/Kim Petras - There Will Be Blood - jkffV6VNfbA.mkv"
"2024-10-17","Olivia Rodrigo","Get Him Back","SrzM3HOtKsY","E:/Karaoke/Songs/Olivia Rodrigo - Get Him Back - SrzM3HOtKsY.mp4"
"2024-10-17","Saint Motel","My Type","6X0XtuJ3D2E","E:/Karaoke/Songs/Saint Motel - My Type - 6X0XtuJ3D2E.mkv"
"2024-10-17","Sky Ferreira","Heavy Metal Heart","3arqjGnagfM","E:/Karaoke/Songs/Sky Ferreira - Heavy Metal Heart - 3arqjGnagfM.mkv"
"2024-10-17","Sweet","Ballroom Blitz","KQY8P3mb7ZI","E:/Karaoke/Songs/Sweet - Ballroom Blitz - KQY8P3mb7ZI.mkv"
"2024-10-17","Thermals, The","Let Your Earth Quake, Baby","nHabbKalm3E","E:/Karaoke/Songs/Thermals, The - Let Your Earth Quake, Baby - nHabbKalm3E.mp4"
"2024-10-17","Thermals, The","Returning to the Fold","CcNDAQ4vdII","E:/Karaoke/Songs/Thermals, The - Returning to the Fold - CcNDAQ4vdII.mp4"
"2024-10-17","Toh Kay","Shantantitty Town","3 e0v26-JI0","E:/Karaoke/Songs/Toh Kay - Shantantitty Town - 3_e0v26-JI0.mkv"
"2024-10-17","Ying Yang Twins","Wait (The Whisper Song)","KDoD har7UU","E:/Karaoke/Songs/Ying Yang Twins - Wait (The Whisper Song) - KDoD_har7UU.mkv"
"2024-09-28","Chumbawamba","Tubthumping","HtbMqSts8dI","E:/Karaoke/Songs/Chumbawamba - Tubthumping - HtbMqSts8dI.mp4"
"2024-09-27","All Time Low ","Dear Maria, Count Me In","hlteotxlnIc","E:/Karaoke/Songs/All Time Low  - Dear Maria, Count Me In - hlteotxlnIc.mp4"
"2024-09-27","Chappell Roan","Casual","-A58t72ENz4","E:/Karaoke/Songs/Chappell Roan - Casual - -A58t72ENz4.mp4"
"2024-09-27","Childish Gambino","Redbone","VtlB9rCmv1k","E:/Karaoke/Songs/Childish Gambino - Redbone - VtlB9rCmv1k.mp4"
"2024-09-27","Cosmo Sheldrake","Does the Swallow Dream of Flying","SPIDJWFUny0","E:/Karaoke/Songs/Cosmo Sheldrake - Does the Swallow Dream of Flying - SPIDJWFUny0.mp4"
"2024-09-27","Coyote Kid","Destroyer of Worlds","yNkxVQbIzsQ","E:/Karaoke/Songs/Coyote Kid - Destroyer of Worlds - yNkxVQbIzsQ.mp4"
"2024-09-27","Earth, Wind & Fire","September","cKRmRYad318","E:/Karaoke/Songs/Earth, Wind & Fire - September - cKRmRYad318.mp4"
"2024-09-27","Eric Hutchinson","OK, It's Alright With Me","e3JEKAA-SwI","E:/Karaoke/Songs/Eric Hutchinson - OK, It's Alright With Me - e3JEKAA-SwI.mp4"
"2024-09-27","Fish in a Birdcage","Rule #34","iMOlsvkvjN4","E:/Karaoke/Songs/Fish in a Birdcage - Rule #34 - iMOlsvkvjN4.mp4"
"2024-09-27","Friday Pilots Club","Would You Mind","SAI5f5Su7ig","E:/Karaoke/Songs/Friday Pilots Club - Would You Mind - SAI5f5Su7ig.mp4"
"2024-09-27","Fugees","Killing Me Softly with His Song","DKTlrfsLuhA","E:/Karaoke/Songs/Fugees - Killing Me Softly with His Song - DKTlrfsLuhA.mp4"
"2024-09-27","I Don't Know How But They Found Me","Absinthe","672T0ZKlE6I","E:/Karaoke/Songs/I Don't Know How But They Found Me - Absinthe - 672T0ZKlE6I.mp4"
"2024-09-27","Jazmine Sullivan","Bust Your Windows","KK1rnzOk0Ts","E:/Karaoke/Songs/Jazmine Sullivan - Bust Your Windows - KK1rnzOk0Ts.mp4"
"2024-09-27","Killers, The","Somebody Told Me","p11rc6Qhuho","E:/Karaoke/Songs/Killers, The - Somebody Told Me - p11rc6Qhuho.mp4"
"2024-09-27","Lana Del Rey","Million Dollar Man","vQ2R 8iRfzU","E:/Karaoke/Songs/Lana Del Rey - Million Dollar Man - vQ2R_8iRfzU.mp4"
"2024-09-27","Les Gold","Silver Platters","Nd0sBLIVXi4","E:/Karaoke/Songs/Les Gold - Silver Platters - Nd0sBLIVXi4.mp4"
"2024-09-27","Longest Johns, The","Oak & Ash & Thorn","TEucI4vU3KQ","E:/Karaoke/Songs/Longest Johns, The - Oak & Ash & Thorn - TEucI4vU3KQ.mp4"
"2024-09-27","Madds Buckley","The Red Means I Love You","6WpSJEfWHmg","E:/Karaoke/Songs/Madds Buckley - The Red Means I Love You - 6WpSJEfWHmg.mp4"
"2024-09-27","Mariah Carey","We Belong Together","xMt1vHky0m4","E:/Karaoke/Songs/Mariah Carey - We Belong Together - xMt1vHky0m4.mp4"
"2024-09-27","Mario","Let Me Love You","xEwPVphGS70","E:/Karaoke/Songs/Mario - Let Me Love You - xEwPVphGS70.mp4"
"2024-09-27","Miguel","Coffee","zH7EHKEnpzE","E:/Karaoke/Songs/Miguel - Coffee - zH7EHKEnpzE.mp4"
"2024-09-27","Miguel","Sure Thing","Iilqpt9eC4k","E:/Karaoke/Songs/Miguel - Sure Thing - Iilqpt9eC4k.mp4"
"2024-09-27","Miley Cyrus","Party in the USA","kfa-26JfdDA","E:/Karaoke/Songs/Miley Cyrus - Party in the USA - kfa-26JfdDA.mp4"
"2024-09-27","My Chemical Romance","Vampires Will Never Hurt You","ChBzIOODxAE","E:/Karaoke/Songs/My Chemical Romance - Vampires Will Never Hurt You - ChBzIOODxAE.mp4"
"2024-09-27","Ne-Yo","So Sick (Duet)","M3Q9A7QWWFI","E:/Karaoke/Songs/Ne-Yo - So Sick (Duet) - M3Q9A7QWWFI.mp4"
"2024-09-27","Panic! At The Disco","I Write Sins Not Tragedies","Eby9kjH3wXE","E:/Karaoke/Songs/Panic! At The Disco - I Write Sins Not Tragedies - Eby9kjH3wXE.mp4"
"2024-09-27","Pomplamoose","Bust Your Knee Caps","n0SFVEnPyFM","E:/Karaoke/Songs/Pomplamoose - Bust Your Knee Caps - n0SFVEnPyFM.mp4"
"2024-09-27","R. Kelly","Ignition (Remix)","0PnMNxfgoGA","E:/Karaoke/Songs/R. Kelly - Ignition (Remix) - 0PnMNxfgoGA.mp4"
"2024-09-27","Sammy Rae & the Friends","Closer To You","ao7r6wNvzHc","E:/Karaoke/Songs/Sammy Rae & the Friends - Closer To You - ao7r6wNvzHc.mp4"
"2024-09-27","Sisqo","Thong Song","wqX5xwrxJ2U","E:/Karaoke/Songs/Sisqo - Thong Song - wqX5xwrxJ2U.mp4"
"2024-09-27","Super Cassette","Be Gay, Do Drugs, Hail Satan","Q0Xi3PSCGhA","E:/Karaoke/Songs/Super Cassette - Be Gay, Do Drugs, Hail Satan - Q0Xi3PSCGhA.mp4"
"2024-09-27","TLC","No Scrubs","CUFIRtDz-Oo","E:/Karaoke/Songs/TLC - No Scrubs - CUFIRtDz-Oo.mp4"
"2024-09-27","Trey Songz","Neighbors Know My Name","rMy152Lt6 Y","E:/Karaoke/Songs/Trey Songz - Neighbors Know My Name - rMy152Lt6_Y.mp4"
"2024-09-27","Usher","Burn","giE8oV3AI44","E:/Karaoke/Songs/Usher - Burn - giE8oV3AI44.mp4"
"2024-09-27","Usher","Confessions Part II","PCWe2TO0kfo","E:/Karaoke/Songs/Usher - Confessions Part II - PCWe2TO0kfo.mp4"
"2024-09-27","Valerie Broussard","A Little Wicked","qPmm9S66JsM","E:/Karaoke/Songs/Valerie Broussard - A Little Wicked - qPmm9S66JsM.mp4"
"2024-09-26","Adventure Time","Monster","OwME3OP8UPo","E:/Karaoke/Songs/Adventure Time - Monster - OwME3OP8UPo.mp4"
"2024-09-26","Alvin and the Chipmunks","Walk Like an Egyptian (16 speed)","9CAerD91Go8","E:/Karaoke/Songs/Alvin and the Chipmunks - Walk Like an Egyptian (16 speed) - 9CAerD91Go8.mp4"
"2024-09-26","Barry McGuire","Eve of Destruction","A kDX6LeTEY","E:/Karaoke/Songs/Barry McGuire - Eve of Destruction - A_kDX6LeTEY.mp4"
"2024-09-26","Beach Bunny","Dream Boy","okCNazRkwTw","E:/Karaoke/Songs/Beach Bunny - Dream Boy - okCNazRkwTw.mp4"
"2024-09-26","Beach Bunny","Prom Queen","oo4WyB9JBGk","E:/Karaoke/Songs/Beach Bunny - Prom Queen - oo4WyB9JBGk.mp4"
"2024-09-26","Beach Bunny","Sports","DBOEo9mudE4","E:/Karaoke/Songs/Beach Bunny - Sports - DBOEo9mudE4.mp4"
"2024-09-26","Bo Burnham","Welcome to the Internet","FK0vZWztu80","E:/Karaoke/Songs/Bo Burnham - Welcome to the Internet - FK0vZWztu80.mp4"
"2024-09-26","Bo Burnham","White Woman's Instagram","9vhlO2DHRCs","E:/Karaoke/Songs/Bo Burnham - White Woman's Instagram - 9vhlO2DHRCs.mp4"
"2024-09-26","Cardigans, The","I Need Some Fine Wine and You...","sFyviAlfKHM","E:/Karaoke/Songs/Cardigans, The - I Need Some Fine Wine and You... - sFyviAlfKHM.mp4"
"2024-09-26","Cardigans, The","Iron Man","wuKh6S1dnag","E:/Karaoke/Songs/Cardigans, The - Iron Man - wuKh6S1dnag.mp4"
"2024-09-26","Cardigans, The","Sabbath Bloody Sabbath","18nz5d7HCgI","E:/Karaoke/Songs/Cardigans, The - Sabbath Bloody Sabbath - 18nz5d7HCgI.mp4"
"2024-09-26","Charly Bliss","Capacity","6TAU7 P8iLE","E:/Karaoke/Songs/Charly Bliss - Capacity - 6TAU7_P8iLE.mp4"
"2024-09-26","Charly Bliss","Hard to Believe","-sDD0zOvYDw","E:/Karaoke/Songs/Charly Bliss - Hard to Believe - -sDD0zOvYDw.mp4"
"2024-09-26","Charly Bliss","Percolator","K6MDCakJjTc","E:/Karaoke/Songs/Charly Bliss - Percolator - K6MDCakJjTc.mp4"
"2024-09-26","Classics IV, The","Spooky","ILS6vA HaK8","E:/Karaoke/Songs/Classics IV, The - Spooky - ILS6vA_HaK8.mp4"
"2024-09-26","d4vd","My House Is Not a Home","sbwdgfWo7a0","E:/Karaoke/Songs/d4vd - My House Is Not a Home - sbwdgfWo7a0.mp4"
"2024-09-26","d4vd","Romantic Homicide","6gJOFTj-z I","E:/Karaoke/Songs/d4vd - Romantic Homicide - 6gJOFTj-z_I.mp4"
"2024-09-26","Dazey and the Scouts","Wet","B2iJHV7c2Ok","E:/Karaoke/Songs/Dazey and the Scouts - Wet - B2iJHV7c2Ok.mp4"
"2024-09-26","Destroy Boys","Crybaby","jyIAStOu2TU","E:/Karaoke/Songs/Destroy Boys - Crybaby - jyIAStOu2TU.mp4"
"2024-09-26","Devo","Gut Feeling, Slap Your Mammy","AcMa0xcv3Qg","E:/Karaoke/Songs/Devo - Gut Feeling, Slap Your Mammy - AcMa0xcv3Qg.mp4"
"2024-09-26","Doors, The","The End","xltxNkvBDt8","E:/Karaoke/Songs/Doors, The - The End - xltxNkvBDt8.mp4"
"2024-09-26","Foo Fighters","Pretender, The","78G5rQjRJgM","E:/Karaoke/Songs/Foo Fighters - Pretender, The - 78G5rQjRJgM.mp4"
"2024-09-26","Gerry Rafferty","Baker Street","tsMX mc2YOM","E:/Karaoke/Songs/Gerry Rafferty - Baker Street - tsMX_mc2YOM.mp4"
"2024-09-26","Gil Scott-Heron","The Revolution Will Not Be Televised","dMoJZobS2kM","E:/Karaoke/Songs/Gil Scott-Heron - The Revolution Will Not Be Televised - dMoJZobS2kM.mp4"
"2024-09-26","Gone Jackals, The","Legacy","Jz-KwErV6DU","E:/Karaoke/Songs/Gone Jackals, The - Legacy - Jz-KwErV6DU.mp4"
"2024-09-26","Helluva Boss","House of Asmodeus (several singers)","Kb8nUTl49F4","E:/Karaoke/Songs/Helluva Boss - House of Asmodeus (several singers) - Kb8nUTl49F4.mp4"
"2024-09-26","JVKE","This Is What Falling in Love Feels Like","UGjAkeEM0oA","E:/Karaoke/Songs/JVKE - This Is What Falling in Love Feels Like - UGjAkeEM0oA.mp4"
"2024-09-26","Kaden MacKay","Passing Through (Can't the Future...)","5yRGOHRejO8","E:/Karaoke/Songs/Kaden MacKay - Passing Through (Can't the Future...) - 5yRGOHRejO8.mp4"
"2024-09-26","Laufey","From the Start","3vCD1mQlDlg","E:/Karaoke/Songs/Laufey - From the Start - 3vCD1mQlDlg.mp4"
"2024-09-26","Midnight Oil","Beds Are Burning","vJ1WaVVmfL8","E:/Karaoke/Songs/Midnight Oil - Beds Are Burning - vJ1WaVVmfL8.mp4"
"2024-09-26","Mountain Goats, The","Fall of the Star High School Running Back","zWZryvEFj6c","E:/Karaoke/Songs/Mountain Goats, The - Fall of the Star High School Running Back - zWZryvEFj6c.mp4"
"2024-09-26","Neighbourhood, The","Sweater Weather","0k91tvnkmMc","E:/Karaoke/Songs/Neighbourhood, The - Sweater Weather - 0k91tvnkmMc.mp4"
"2024-09-26","Neil Diamond","I Am... I Said","NqKO9XckCGg","E:/Karaoke/Songs/Neil Diamond - I Am... I Said - NqKO9XckCGg.mp4"
"2024-09-26","Olivia Rodrigo","Love Is Embarrassing","FGHVhjHAV0k","E:/Karaoke/Songs/Olivia Rodrigo - Love Is Embarrassing - FGHVhjHAV0k.mp4"
"2024-09-26","Remember Sports","Clean Jeans","WGZbGPOfYds","E:/Karaoke/Songs/Remember Sports - Clean Jeans - WGZbGPOfYds.mp4"
"2024-09-26","Remember Sports","I Liked You Best","87uPcAe-zx0","E:/Karaoke/Songs/Remember Sports - I Liked You Best - 87uPcAe-zx0.mp4"
"2024-09-26","Remember Sports","Saturday","7SVP0RiIg50","E:/Karaoke/Songs/Remember Sports - Saturday - 7SVP0RiIg50.mp4"
"2024-09-26","Remember Sports","Tiny Planets","34TfM0R4lZ8","E:/Karaoke/Songs/Remember Sports - Tiny Planets - 34TfM0R4lZ8.mp4"
"2024-09-26","Rick Derringer","Real American","5IZZoOKAzI8","E:/Karaoke/Songs/Rick Derringer - Real American - 5IZZoOKAzI8.mp4"
"2024-09-26","Saliva","Rest in Pieces","rrDNZA ENkA","E:/Karaoke/Songs/Saliva - Rest in Pieces - rrDNZA_ENkA.mp4"
"2024-09-26","Sam Smith","Unholy ft. Kim Petras","CNQecEnK26s","E:/Karaoke/Songs/Sam Smith - Unholy ft. Kim Petras - CNQecEnK26s.mp4"
"2024-09-26","Sia","Chandelier (piano version)","qUP5mDujZrE","E:/Karaoke/Songs/Sia - Chandelier (piano version) - qUP5mDujZrE.mp4"
"2024-09-26","Smiths, The","There Is a Light That Never Goes Out","jkULDIk23KU","E:/Karaoke/Songs/Smiths, The - There Is a Light That Never Goes Out - jkULDIk23KU.mp4"
"2024-09-26","Steven Universe","We Are the Crystal Gems","OoosAVDzT3U","E:/Karaoke/Songs/Steven Universe - We Are the Crystal Gems - OoosAVDzT3U.mp4"
"2024-09-26","Tears for Fears","Shout","-pgdNctLVVc","E:/Karaoke/Songs/Tears for Fears - Shout - -pgdNctLVVc.mp4"
"2024-09-26","Tears for Fears","Sowing the Seeds of Love","rR3FNiCZrYg","E:/Karaoke/Songs/Tears for Fears - Sowing the Seeds of Love - rR3FNiCZrYg.mp4"
"2024-09-26","Tom Petty and the Heartbreakers","Don't Come Around Here No More","W8UAKcD7x70","E:/Karaoke/Songs/Tom Petty and the Heartbreakers - Don't Come Around Here No More - W8UAKcD7x70.mp4"
"2024-09-26","Twenty One Pilots","Heathens","hYMHaamhiKU","E:/Karaoke/Songs/Twenty One Pilots - Heathens - hYMHaamhiKU.mp4"
"2024-09-26","Twenty One Pilots","Nico and the Niners","Vd WTH ZpJg","E:/Karaoke/Songs/Twenty One Pilots - Nico and the Niners - Vd_WTH_ZpJg.mp4"
"2024-09-26","Twenty One Pilots","Shy Away","Z8F84X71Dgo","E:/Karaoke/Songs/Twenty One Pilots - Shy Away - Z8F84X71Dgo.mp4"
"2024-09-26","Twenty One Pilots","Tear in My Heart","sYvfQMhnsnQ","E:/Karaoke/Songs/Twenty One Pilots - Tear in My Heart - sYvfQMhnsnQ.mp4"
"2024-09-26","Yellowcard","Ocean Avenue","q-9fMb7Mr1I","E:/Karaoke/Songs/Yellowcard - Ocean Avenue - q-9fMb7Mr1I.mp4"
"2024-08-16","Adriano Celentano","Prisencolinensinainciusol","-Td-kOcglTE","E:/Karaoke/Songs/Adriano Celentano - Prisencolinensinainciusol - -Td-kOcglTE.mp4"
"2024-08-16","Bob Seger","Night Moves","9LZTxUgU1WU","E:/Karaoke/Songs/Bob Seger - Night Moves - 9LZTxUgU1WU.mp4"
"2024-08-16","Italian Folk Music","Bella Ciao","zxaqDcGkT68","E:/Karaoke/Songs/Italian Folk Music - Bella Ciao - zxaqDcGkT68.mp4"
"2024-08-16","Proclaimers, The","I'm Gonna Be (500 Miles)","UPO2QQ70P3Y","E:/Karaoke/Songs/Proclaimers, The - I'm Gonna Be (500 Miles) - UPO2QQ70P3Y.mp4"
"2024-08-16","Scatman John","Scatman (Ski-Ba-Bop-Ba-Dop-Bop)","Z1zhzAbeNgs","E:/Karaoke/Songs/Scatman John - Scatman (Ski-Ba-Bop-Ba-Dop-Bop) - Z1zhzAbeNgs.mp4"
"2024-08-16","Tom Waits","Clap Hands","qtgjOf6qBgg","E:/Karaoke/Songs/Tom Waits - Clap Hands - qtgjOf6qBgg.mp4"
"2024-08-16","Vanilla Fudge","You Keep Me Hangin' On","WSpqACfTsvA","E:/Karaoke/Songs/Vanilla Fudge - You Keep Me Hangin' On - WSpqACfTsvA.mp4"
"2024-08-16","Wolfe Tones","Come Out Ye Black & Tans","DvjrBg4BtLs","E:/Karaoke/Songs/Wolfe Tones - Come Out Ye Black & Tans - DvjrBg4BtLs.mp4"
"2024-08-15","ABBA","Waterloo","wphW2H4ucg4","E:/Karaoke/Songs/ABBA - Waterloo - wphW2H4ucg4.mp4"
"2024-08-15","Adriano Celentano","Prisencolinensinainciusol","-Td-kOcglTE","E:/Karaoke/Songs/Adriano Celentano  - Prisencolinensinainciusol - -Td-kOcglTE.mp4"
"2024-08-15","AFI","Girl's Not Grey","RClCFFtXPKM","E:/Karaoke/Songs/AFI - Girl's Not Grey - RClCFFtXPKM.mp4"
"2024-08-15","AFI","Miss Murder","eniwR fndkw","E:/Karaoke/Songs/AFI - Miss Murder - eniwR_fndkw.mp4"
"2024-08-15","AJJ","Bad Bad Things","lAamDD8Vzvw","E:/Karaoke/Songs/AJJ - Bad Bad Things - lAamDD8Vzvw.mp4"
"2024-08-15","AJJ","Brave as a Noun & Survival Song","Z8HK6GQQXN0","E:/Karaoke/Songs/AJJ - Brave as a Noun & Survival Song - Z8HK6GQQXN0.mp4"
"2024-08-15","AJJ","People II, The Reckoning","zHxHBDoqyaQ","E:/Karaoke/Songs/AJJ - People II, The Reckoning - zHxHBDoqyaQ.mp4"
"2024-08-15","AJJ","Rejoice","upGNnAkL2jQ","E:/Karaoke/Songs/AJJ - Rejoice - upGNnAkL2jQ.mp4"
"2024-08-15","Alien Ant Farm","Smooth Criminal","oYWjvV1vDdA","E:/Karaoke/Songs/Alien Ant Farm - Smooth Criminal - oYWjvV1vDdA.mp4"
"2024-08-15","Bombpops, The","CA in July","U67y6NRA1u8","E:/Karaoke/Songs/Bombpops, The - CA in July - U67y6NRA1u8.mp4"
"2024-08-15","Cake","War Pigs","1hvcyva1Bv8","E:/Karaoke/Songs/Cake - War Pigs - 1hvcyva1Bv8.mp4"
"2024-08-15","Captain Lou Albano","The Super Mario Bros Super Show Theme","IQTwBagRrk4","E:/Karaoke/Songs/Captain Lou Albano - The Super Mario Bros Super Show Theme - IQTwBagRrk4.mp4"
"2024-08-15","Cardigans, The","Fine","yJ J4i1EkFY","E:/Karaoke/Songs/Cardigans, The - Fine - yJ_J4i1EkFY.mp4"
"2024-08-15","Cardigans, The","Happy Meal","r648RAYk-2Q","E:/Karaoke/Songs/Cardigans, The - Happy Meal - r648RAYk-2Q.mp4"
"2024-08-15","Cardigans, The","I Need Some Fine Wine and You, You Need to Be Nicer","sFyviAlfKHM","E:/Karaoke/Songs/Cardigans, The - I Need Some Fine Wine and You, You Need to Be Nicer - sFyviAlfKHM.mp4"
"2024-08-15","Cardigans, The","Lovefool","A7gF5FAs6zQ","E:/Karaoke/Songs/Cardigans, The - Lovefool - A7gF5FAs6zQ.mp4"
"2024-08-15","Cardigans, The","My Favourite Game","XuifRLbSdso","E:/Karaoke/Songs/Cardigans, The - My Favourite Game - XuifRLbSdso.mp4"
"2024-08-15","Cardigans, The","Rise & Shine","tEnasjV v3M","E:/Karaoke/Songs/Cardigans, The - Rise & Shine - tEnasjV_v3M.mp4"
"2024-08-15","Cardigans, The","Sick & Tired","GfFuDriL-9Q","E:/Karaoke/Songs/Cardigans, The - Sick & Tired - GfFuDriL-9Q.mp4"
"2024-08-15","Chicks, The","Landslide","wE9pTIpP QM","E:/Karaoke/Songs/Chicks, The - Landslide - wE9pTIpP_QM.mp4"
"2024-08-15","Creed","Higher","ud-5azVRG9E","E:/Karaoke/Songs/Creed - Higher - ud-5azVRG9E.mp4"
"2024-08-15","Creed","My Own Prison","RbqQcmHHyx0","E:/Karaoke/Songs/Creed - My Own Prison - RbqQcmHHyx0.mp4"
"2024-08-15","Creed","My Sacrifice","q8NW5NoSN8s","E:/Karaoke/Songs/Creed - My Sacrifice - q8NW5NoSN8s.mp4"
"2024-08-15","Creed","One Last Breath","5Bnth5PeS8Y","E:/Karaoke/Songs/Creed - One Last Breath - 5Bnth5PeS8Y.mp4"
"2024-08-15","Depeche Mode","Blasphemous Rumours","MwDoo8 jPzA","E:/Karaoke/Songs/Depeche Mode - Blasphemous Rumours - MwDoo8_jPzA.mp4"
"2024-08-15","Dolly Parton","9 to 5","OqQz92Od-HU","E:/Karaoke/Songs/Dolly Parton - 9 to 5 - OqQz92Od-HU.mp4"
"2024-08-15","Eve 6","Inside Out","VSDNgt8YXKI","E:/Karaoke/Songs/Eve 6 - Inside Out - VSDNgt8YXKI.mp4"
"2024-08-15","Good Charlotte","My Bloody Valentine (no backing vocals)","0fe2DivgkkE","E:/Karaoke/Songs/Good Charlotte - My Bloody Valentine (no backing vocals) - 0fe2DivgkkE.mp4"
"2024-08-15","Good Charlotte","My Bloody Valentine (w backing vocals)","gpa9zbaxxFg","E:/Karaoke/Songs/Good Charlotte - My Bloody Valentine (w backing vocals) - gpa9zbaxxFg.mp4"
"2024-08-15","Harvey Danger","Carlotta Valdez","A3VWwilH--A","E:/Karaoke/Songs/Harvey Danger - Carlotta Valdez - A3VWwilH--A.mp4"
"2024-08-15","Harvey Danger","Flagpole Sitta","8mYq6ilaY28","E:/Karaoke/Songs/Harvey Danger - Flagpole Sitta - 8mYq6ilaY28.mp4"
"2024-08-15","Kid Rock","Picture ft. Sheryl Crow","CPO-Y0nvkYI","E:/Karaoke/Songs/Kid Rock - Picture ft. Sheryl Crow - CPO-Y0nvkYI.mp4"
"2024-08-15","Marty Robbins","El Paso","YkDzAbeq2mE","E:/Karaoke/Songs/Marty Robbins - El Paso - YkDzAbeq2mE.mp4"
"2024-08-15","Marty Robbins","They're Hanging Me Tonight","ZzTy7dqEgNE","E:/Karaoke/Songs/Marty Robbins - They're Hanging Me Tonight - ZzTy7dqEgNE.mp4"
"2024-08-15","Metric","Help I'm Alive","wtwQYHNe1Hc","E:/Karaoke/Songs/Metric - Help I'm Alive - wtwQYHNe1Hc.mp4"
"2024-08-15","Modest Mouse","Dance Hall","ftMudLtrG g","E:/Karaoke/Songs/Modest Mouse - Dance Hall - ftMudLtrG_g.mp4"
"2024-08-15","Mountain Goats, The","Best Ever Death Metal Band in Denton, The","PRhuKMEzc7E","E:/Karaoke/Songs/Mountain Goats, The - Best Ever Death Metal Band in Denton, The - PRhuKMEzc7E.mp4"
"2024-08-15","Mountain Goats, The","Damn These Vampires","oF 5N2duO-M","E:/Karaoke/Songs/Mountain Goats, The - Damn These Vampires - oF_5N2duO-M.mp4"
"2024-08-15","Mountain Goats, The","Fall of the Star High School Running Back, The","zWZryvEFj6c","E:/Karaoke/Songs/Mountain Goats, The - Fall of the Star High School Running Back, The - zWZryvEFj6c.mp4"
"2024-08-15","Mountain Goats, The","Foreign Object","trtK0XZxxwg","E:/Karaoke/Songs/Mountain Goats, The - Foreign Object - trtK0XZxxwg.mp4"
"2024-08-15","Mountain Goats, The","Mess Inside, The","nFkUvtvdLzo","E:/Karaoke/Songs/Mountain Goats, The - Mess Inside, The - nFkUvtvdLzo.mp4"
"2024-08-15","Mountain Goats, The","No Children (no backing vocals)","4a03CjBAABg","E:/Karaoke/Songs/Mountain Goats, The - No Children (no backing vocals) - 4a03CjBAABg.mp4"
"2024-08-15","Mountain Goats, The","No Children (w backing vocals)"," Z6MA5nlGXg","E:/Karaoke/Songs/Mountain Goats, The - No Children (w backing vocals) - _Z6MA5nlGXg.mp4"
"2024-08-15","Mountain Goats, The","See America Right","npl 3mj2Pps","E:/Karaoke/Songs/Mountain Goats, The - See America Right - npl_3mj2Pps.mp4"
"2024-08-15","Mountain Goats, The","Up the Wolves","9MBO9GlhqaA","E:/Karaoke/Songs/Mountain Goats, The - Up the Wolves - 9MBO9GlhqaA.mp4"
"2024-08-15","Mountain Goats, The","Werewolf Gimmick","Hm3n6yiaSy0","E:/Karaoke/Songs/Mountain Goats, The - Werewolf Gimmick - Hm3n6yiaSy0.mp4"
"2024-08-15","Muse","Hysteria"," JNGZPNmaVk","E:/Karaoke/Songs/Muse - Hysteria - _JNGZPNmaVk.mp4"
"2024-08-15","Muse","Madness","eXG0p e8qzs","E:/Karaoke/Songs/Muse - Madness - eXG0p_e8qzs.mp4"
"2024-08-15","Muse","Starlight","NuJdcha4imw","E:/Karaoke/Songs/Muse - Starlight - NuJdcha4imw.mp4"
"2024-08-15","Muse","Supermassive Black Hole","PeOgrmDdmOc","E:/Karaoke/Songs/Muse - Supermassive Black Hole - PeOgrmDdmOc.mp4"
"2024-08-15","Muse","Undisclosed Desires","dmfeIDn p48","E:/Karaoke/Songs/Muse - Undisclosed Desires - dmfeIDn_p48.mp4"
"2024-08-15","Muse","Uprising","8jsDN5Pipj8","E:/Karaoke/Songs/Muse - Uprising - 8jsDN5Pipj8.mp4"
"2024-08-15","Muse","Will of the People","6M3da3GpxnM","E:/Karaoke/Songs/Muse - Will of the People - 6M3da3GpxnM.mp4"
"2024-08-15","Nickelback","How You Remind Me","7aMu6SNmBXg","E:/Karaoke/Songs/Nickelback - How You Remind Me - 7aMu6SNmBXg.mp4"
"2024-08-15","Nickelback","Photograph","qTphCTAUhUg","E:/Karaoke/Songs/Nickelback - Photograph - qTphCTAUhUg.mp4"
"2024-08-15","Nickelback","Someday","ZquYhvD-vUg","E:/Karaoke/Songs/Nickelback - Someday - ZquYhvD-vUg.mp4"
"2024-08-15","Pat the Bunny","From Here to Utopia","SG57capWDNs","E:/Karaoke/Songs/Pat the Bunny - From Here to Utopia - SG57capWDNs.mp4"
"2024-08-15","Pat the Bunny","Your Heart is a Muscle the Size of Your Fist","u5Q1D4Jy16U","E:/Karaoke/Songs/Pat the Bunny - Your Heart is a Muscle the Size of Your Fist - u5Q1D4Jy16U.mp4"
"2024-08-15","Patsy Cline","Crazy","7Qj3rb4dJsM","E:/Karaoke/Songs/Patsy Cline - Crazy - 7Qj3rb4dJsM.mp4"
"2024-08-15","Pixies","Hey","Lh aytGu-60","E:/Karaoke/Songs/Pixies - Hey - Lh_aytGu-60.mp4"
"2024-08-15","Prodigy","Firestarter","CDV4vKJYJFk","E:/Karaoke/Songs/Prodigy - Firestarter - CDV4vKJYJFk.mp4"
"2024-08-15","Saliva","Rest in Pieces","rrDNZA_ENkA","E:/Karaoke/Songs/Saliva - Rest in Pieces - rrDNZA_ENkA.mp4"
"2024-08-15","Talking Heads","Once in a Lifetime","UKFD-b1dfJc","E:/Karaoke/Songs/Talking Heads - Once in a Lifetime - UKFD-b1dfJc.mp4"
"2024-08-15","Tennessee Ernie Ford","Union Dixie","1io7mEns1kM","E:/Karaoke/Songs/Tennessee Ernie Ford - Union Dixie - 1io7mEns1kM.mp4"
"2024-08-15","Thermals, The","A Pillar of Salt","4LxWQ7YgvNs","E:/Karaoke/Songs/Thermals, The - A Pillar of Salt - 4LxWQ7YgvNs.mp4"
"2024-08-15","Thermals, The","No Culture Icons","A69hQ4yEEaM","E:/Karaoke/Songs/Thermals, The - No Culture Icons - A69hQ4yEEaM.mp4"
"2024-08-15","Thermals, The","St. Rosa and the Swallows","P2UCHogiNrU","E:/Karaoke/Songs/Thermals, The - St. Rosa and the Swallows - P2UCHogiNrU.mp4"
"2024-08-15","Tom Waits","16 Shells from a Thirty-Ought-Six","mhiEn5wdDyA","E:/Karaoke/Songs/Tom Waits - 16 Shells from a Thirty-Ought-Six - mhiEn5wdDyA.mp4"
"2024-08-15","Tom Waits","Cemetery Polka","5sseUhObbk0","E:/Karaoke/Songs/Tom Waits - Cemetery Polka - 5sseUhObbk0.mp4"
"2024-08-15","Tom Waits","Clap Hands","AvVvFbwgxRE","E:/Karaoke/Songs/Tom Waits - Clap Hands - AvVvFbwgxRE.mp4"
"2024-08-15","Tom Waits","I Hope That I Don't Fall in Love With You","aCL9NGxf-XY","E:/Karaoke/Songs/Tom Waits - I Hope That I Don't Fall in Love With You - aCL9NGxf-XY.mp4"
"2024-08-15","Tom Waits","Jockey Full of Bourbon","GZGcc7k0PIw","E:/Karaoke/Songs/Tom Waits - Jockey Full of Bourbon - GZGcc7k0PIw.mp4"
"2024-08-15","Tom Waits","Piano Has Been Drinking, The","blaL3Jp3RxQ","E:/Karaoke/Songs/Tom Waits - Piano Has Been Drinking, The - blaL3Jp3RxQ.mp4"
"2024-08-15","Tom Waits","Rain Dogs","riZIvOxPNug","E:/Karaoke/Songs/Tom Waits - Rain Dogs - riZIvOxPNug.mp4"
"2024-08-15","Twenty One Pilots","Heavydirtysoul","dsczy56MLHY","E:/Karaoke/Songs/Twenty One Pilots - Heavydirtysoul - dsczy56MLHY.mp4"
"2024-08-15","Twenty One Pilots","Ride","QH4ozIW5enc","E:/Karaoke/Songs/Twenty One Pilots - Ride - QH4ozIW5enc.mp4"
"2024-08-15","Twenty One Pilots","Stressed Out","vfjbwAlr1tY","E:/Karaoke/Songs/Twenty One Pilots - Stressed Out - vfjbwAlr1tY.mp4"
"2024-08-15","Weezer","No One Else","E93l-APkjQQ","E:/Karaoke/Songs/Weezer - No One Else - E93l-APkjQQ.mp4"
"2024-08-15","Weezer","Susanne","Z1rGFIOYKwI","E:/Karaoke/Songs/Weezer - Susanne - Z1rGFIOYKwI.mp4"
"2024-08-15","Weezer","Why Bother","ZaV KQ8dKus","E:/Karaoke/Songs/Weezer - Why Bother - ZaV_KQ8dKus.mp4"
"2024-08-15","Weird Al Yankovic","Yoda","wZOolO6xjvQ","E:/Karaoke/Songs/Weird Al Yankovic - Yoda - wZOolO6xjvQ.mp4"
"2024-08-15","Wolfe Tones","Come Out Ye Black & Tans- DvjrBg4BtLs","","E:/Karaoke/Songs/Wolfe Tones - Come Out Ye Black & Tans- DvjrBg4BtLs.mp4"
"2024-08-15","Yes","Owner of a Lonely Heart","UIaO5lW1rIw","E:/Karaoke/Songs/Yes - Owner of a Lonely Heart - UIaO5lW1rIw.mp4"
